file_name,category
5dYbR0q3JfKiY6Z.jpg,fish net
MLLZk6uujsW5yQh.jpg,circular fish trap
HfV3OXbRCP48gF6.jpg,fish net
C2USZh5oO5SQAqc.jpg,tire
WMriTbkmzxt1FKm.jpg,circular fish trap
NAk88KeNiM2Dl60.jpg,wood
j9Irh7iDzDy0eUQ.jpg,wood
3mYGgRCFILv8Dpd.jpg,wood
33w4Emlxl8vBHwk.jpg,circular fish trap
9zHDpW22h02JQto.jpg,tire
bbVm4JzQPnkmrPF.jpg,eel fish trap
dZfOaRtDKq5R0NV.jpg,spring fish trap
fpWsyT0V38Oqxm3.jpg,wood
EBmGxhT4y2Kf9MB.jpg,tire
8mRfR8PGxwXTvrR.jpg,bundle of ropes
Kq7koJhJHmmDDp5.jpg,circular fish trap
dhnrtBd8UuUSdQf.jpg,fish net
CI9IMvzl2Dq9FvC.jpg,spring fish trap
g45cbYSUnWTULvp.jpg,bundle of ropes
2OnvJGHeTpPyBrB.jpg,wood
77FWt9O1GWcXppL.jpg,tire
ZmaLisXKpmktYfY.jpg,tire
GWCCnCHJboxYDvo.jpg,tire
LOiTsyjOCtsmEUY.jpg,rope
aD0881ytEWP0K5l.jpg,tire
2F6AGf7scpIvpiE.jpg,other objects
k6iP22EJIQB2WSm.jpg,bundle of ropes
4v38j9DVcQIHEVO.jpg,spring fish trap
URbuFS5CEXPhLYG.jpg,wood
DRLbC8o5zpNhUdj.jpg,eel fish trap
fsUnMcudMjN8eE2.jpg,spring fish trap
2sXM8or6SwzBLc1.jpg,circular fish trap
8BiScpzefLkhSOw.jpg,tire
IxyNNaaOXtteZqQ.jpg,tire
AS6gJsEFOs7WlBe.jpg,wood
SCI9TGR6bw3Qni7.jpg,wood
lBO6ufIeF9lbfh1.jpg,wood
nHQxAQ1ymRu0zFB.jpg,eel fish trap
NDTmtlqoLsEVtSI.jpg,tire
oOrUeFAUtRv1hZ0.jpg,spring fish trap
ZDw9sGuB8cs4WbM.jpg,spring fish trap
83EYlt8YV0RmrZQ.jpg,wood
AaJlZoL4vPRqQ5H.jpg,wood
RJnYnCLWMyz51Ed.jpg,wood
FPXTZot3M6kaG6j.jpg,tire
4P4egN9NjLVKVbb.jpg,wood
8hQl6UcDbkNNIXa.jpg,wood
LP6QyeuJhWEnlly.jpg,tire
KCklg89jOVPyN0b.jpg,wood
RPyZ1FDdyQQXqAo.jpg,circular fish trap
9QAXiClYInBjjPG.jpg,rope
DWX9R5pK9JGBjKr.jpg,tire
HZMFLereVrUTyq8.jpg,bundle of ropes
L1LMZgoxEvw8B68.jpg,spring fish trap
QgXWCNsSElqfQMY.jpg,fish net
M1Zor0wkzLvVPwt.jpg,circular fish trap
iryceNDIm0quk5W.jpg,tire
iONKlTb1EwKAjBw.jpg,tire
8fGhwQBlNESlG9R.jpg,wood
hmi3zDYDvWp6HzN.jpg,wood
2tl2jT1l4S0zgPf.jpg,spring fish trap
IgQRpeqV5xSKR7W.jpg,rope
o0BFym0dx6wbfdi.jpg,spring fish trap
mtHYlghyU0UhSf1.jpg,wood
TDm7C1iQOBeVbSG.jpg,circular fish trap
dZ9AtvaZ7oOCNSE.jpg,bundle of ropes
FIscPPV8VVaXqgs.jpg,bundle of ropes
VPmgyjkIVBNAuOb.jpg,tire
fXp0q6rQvhccLO7.jpg,circular fish trap
CwCElZYI7cyi1FK.jpg,wood
8jjzj3UDxVAQumk.jpg,tire
gEYvs6WefaB9tAA.jpg,wood
EBMZiC1HzYZp2nJ.jpg,tire
3UNk9Tfrcqk8vCG.jpg,circular fish trap
V20tOQCR4MygUIa.jpg,spring fish trap
DcMZ2tlzsHLTKvW.jpg,wood
NbiQUlqpzyqR5MJ.jpg,tire
HjehdYLyzsJQYk9.jpg,wood
fLGIp4GPrUMY9z2.jpg,tire
B1FEVUHRocbjMXJ.jpg,wood
o8plcXty8fNHkjg.jpg,circular fish trap
Iek3QbkseTNODcX.jpg,wood
Qfc2Ufo3mDqeRF5.jpg,tire
3Lfg0PD9RUbSaUG.jpg,rectangular fish trap
WXSEt0GEW7ZWdek.jpg,circular fish trap
DnR5eChu8KAn5nE.jpg,tire
8XoS59zV8jjxqHk.jpg,wood
KQ566vIc3SRZ2rG.jpg,wood
Oql3Fh4d6LkjIyP.jpg,rope
3HUJqNq4qDNAt1M.jpg,fish net
8kgyW0WLV3ONF6s.jpg,eel fish trap
ne8V2KEi9tlaER2.jpg,eel fish trap
0InMuniC1gAmdwi.jpg,tire
FzN9BzdaYQJQJYL.jpg,wood
95fixF0KPA7jJaX.jpg,circular fish trap
ACuITBOOeUpTRtc.jpg,wood
lNyw5GJQaDoPtoB.jpg,bundle of ropes
6HDb3PXnkRL9Dul.jpg,eel fish trap
ROtDiWHjGbf9B98.jpg,eel fish trap
0041VquOndPSpav.jpg,wood
NZjpj5avKb283Qr.jpg,wood
fsgw6uxlVNNoOTU.jpg,bundle of ropes
2Ia0tYMeUjTAo1U.jpg,wood
9L4r10rdZc0crHO.jpg,wood
85VNPgdqCy7195e.jpg,tire
72A9fiQLUwWIfb7.jpg,rope
9tC10w67siGbLb3.jpg,tire
IV4m6c8nLDe8noJ.jpg,tire
R49RpOyIR8P7hIw.jpg,rectangular fish trap
YtGbEDZx4KMpeZH.jpg,wood
gQupMZYJcqOE3Dr.jpg,tire
NsoY4tegOIkdJiF.jpg,wood
dlTliqD403l9OvD.jpg,tire
clmFf0anaD33RgM.jpg,bundle of ropes
o41nZ5VJwQDETtE.jpg,spring fish trap
SbRdzcAplmbA3NR.jpg,rope
bSQZqccWDUc0b3R.jpg,circular fish trap
1m1OJs6pGeINh4m.jpg,tire
bA5pSv25rSpTo3s.jpg,tire
jzLcPvdu1Rwi14B.jpg,circular fish trap
fdZPx7KC2i0DHke.jpg,wood
YmSoedFQ9eAabsi.jpg,wood
XvFB6lCIF3OJkDJ.jpg,wood
o9jwOQ7XRb74jHh.jpg,tire
a51Mek71WBLQtI7.jpg,wood
Hel00ny0maIHtcc.jpg,wood
RwTicyCObPB9jck.jpg,wood
4UjIbTK1H6U8Vdx.jpg,wood
4SwSBxrwI500b4c.jpg,eel fish trap
KZGFB8S9qfqiYgo.jpg,eel fish trap
iVfjq30xxHyuyKd.jpg,wood
bWnNm99RxdJCVne.jpg,wood
lVRBwINhu5j87gs.jpg,spring fish trap
ne5fJoOP70iUvLC.jpg,rope
3Mz3v4gd6TLs2aK.jpg,tire
O0exjvIIeOHpuZE.jpg,fish net
InAbl0po2fbFBbB.jpg,wood
jA2IzRD0Tleq2mJ.jpg,spring fish trap
bk4mAdVcjxIL12Y.jpg,tire
lesfvKMpLRMsYSb.jpg,wood
9ElE0ilj7m0UEHg.jpg,tire
Kty8sB5WDFYOJAJ.jpg,tire
CeKCxR0s1m5hY9d.jpg,bundle of ropes
ZSz4p6CCEPYxBaJ.jpg,tire
X96twfh5lS8FRVG.jpg,wood
XI5Swd9foufox3i.jpg,wood
WcUCS3sbiZEiP97.jpg,circular fish trap
CC6dLsKDWAlAy8H.jpg,tire
UHwKeYeFMWdct8s.jpg,rectangular fish trap
WPiKN5XU5xGzRUp.jpg,tire
WkfR9jF5FEEyL0q.jpg,tire
9Jo4bhI6AxdSreG.jpg,wood
AwekhMrNJkS5oE4.jpg,tire
HWk9NuUcajQ1aDF.jpg,spring fish trap
le1b2uub4gfBKa0.jpg,fish net
EVhLByS4lBEBEqR.jpg,fish net
mhA2yjzmqAMbSEC.jpg,wood
RN1CbTsOEagIpXh.jpg,eel fish trap
DDNcFd6s3mS8q77.jpg,eel fish trap
cnFrtiiWkvKxDNl.jpg,spring fish trap
Wd2ZyMT71YsGa28.jpg,wood
PNooh2SMzr8kWhb.jpg,wood
AGXfrr0a2cfv3py.jpg,tire
O8Hpgc34bUcFTZK.jpg,wood
N3HFlit1Zdw1mCD.jpg,tire
nOReNGaTT4tlV9m.jpg,circular fish trap
hwXchqwK6jW4IV7.jpg,fish net
2Lz70fGaGlOJ1dk.jpg,tire
C0gzGvMdB6GUzoE.jpg,wood
QuiSR7kf5Qub10A.jpg,eel fish trap
HlcCbKOXsB9Nq8e.jpg,wood
FAptTpEtNWOKUjg.jpg,other objects
gsXq1yNVJNekWeN.jpg,wood
jhqXKEhXKLXY2O2.jpg,tire
aLIrBeUHp5eC5GG.jpg,tire
DEtIlEHOrhvmDvw.jpg,tire
7Hfc7eRORGXxLWQ.jpg,circular fish trap
KJ6hCHGujZydGdZ.jpg,spring fish trap
Lu5giOt7e3TvuRk.jpg,fish net
IQuWDN6CujwYkix.jpg,wood
B7Z4nxV2LccKHBy.jpg,rectangular fish trap
Rv288cnGPG8BcEV.jpg,wood
0VAW08BORRoaJuo.jpg,spring fish trap
FlkICfifMgfwk1Y.jpg,spring fish trap
5Cm2w9qSao6CGMA.jpg,spring fish trap
lTZ3eilvX58l0US.jpg,tire
HIy0K43Ps94F1SH.jpg,spring fish trap
2Bpy7VFioWZD2mP.jpg,spring fish trap
XlUuAjqoiS62dmF.jpg,tire
P4D1qbHv6jV1fDT.jpg,circular fish trap
WAxZwgNYT3GKkpY.jpg,fish net
hP9NQl5nc1rQBWU.jpg,tire
GM7M3OCtHrfimBs.jpg,wood
WXexaKt2H69Tm9R.jpg,spring fish trap
auH9cAzmg8WYvwA.jpg,spring fish trap
OxM92KRqld0bETz.jpg,tire
6DTvnAJ35zuYH06.jpg,tire
kuuEvchE5SwWaNg.jpg,wood
bpMZZY1UlH1OHYg.jpg,circular fish trap
d4up0nDnPNHKWOO.jpg,fish net
FRglEaiQT54m3zd.jpg,tire
jXBFuERHcjE4Rm5.jpg,tire
AuHo0DLRrnhpsvF.jpg,rope
PR0y6REsMBMSMdF.jpg,tire
hfC599kHR9HmpnD.jpg,tire
AHwCZsU4grBTSbC.jpg,wood
AenkPbgKO8fQONZ.jpg,wood
J4KP7LEG3KZyTQg.jpg,tire
jniQn7JvMXMah3j.jpg,wood
Gg212DYuUPwzYy4.jpg,tire
Pd55m4gFk5c5JAx.jpg,tire
IC1fYaxVlLmayIi.jpg,wood
9zWeXd814rIKkNz.jpg,tire
KH6Wix8i4QZhP8G.jpg,bundle of ropes
NXJ6N2BdpwZbqFw.jpg,wood
3o8scsGjBfJpjG7.jpg,spring fish trap
QkJmpHx4fVkxF0X.jpg,eel fish trap
SaoenQqOhRiky7D.jpg,bundle of ropes
hiO9MrCIvvdyuTu.jpg,circular fish trap
eABKzVTXFjH3urT.jpg,fish net
hUI86YWFMvfWcv2.jpg,tire
b1QlolQflwOzchz.jpg,fish net
guX7VI0qhDmmCg8.jpg,tire
3OLa8gOSNLCKCRG.jpg,tire
nejE2nu9lbYuiv9.jpg,eel fish trap
JUmRqUnGptWuXXY.jpg,wood
3vbk7roktTJQwyS.jpg,wood
XkWADOyNSzLDxSI.jpg,wood
DnlhdwMQ6yPAwEC.jpg,fish net
9HMe1zeSAf4QkRx.jpg,rope
4JSSIfy5xkUVydc.jpg,bundle of ropes
HM6oHOiGpN9DtEG.jpg,eel fish trap
C4Pm0TnOvN832ba.jpg,eel fish trap
I2rYFvehN8jklqU.jpg,wood
fT4IzGXVzJt8MsZ.jpg,circular fish trap
gAMouZUl4sh1yPv.jpg,tire
n7oVBqL5uzAHmH7.jpg,wood
CMZy12jmlgvlhDn.jpg,circular fish trap
k3RmfW406tK9Y2g.jpg,wood
KWvg7rcS6kYnWQ0.jpg,tire
0PAI8jxrbbe1sSN.jpg,tire
FcJDZQXpm6F97bM.jpg,circular fish trap
VsHlv0Ey8OJdTqn.jpg,spring fish trap
hMkLKY26AceUS1y.jpg,wood
LVOytFITC2JhJrT.jpg,fish net
PZAccKtDHo7DYMa.jpg,tire
54HOOLS8JR3ieqB.jpg,fish net
2KhZCTviyiL96Ql.jpg,tire
26o54cyoQ3kFbWK.jpg,tire
6WDrWsbyIWVyzmk.jpg,wood
bp9ccWLOYRqwE50.jpg,fish net
1MAqdq8i4QzETsf.jpg,circular fish trap
bXyesxKSHhEAP4R.jpg,fish net
Sge5VuVIb46g0Vr.jpg,circular fish trap
0IrFAr2zhnHPdQx.jpg,circular fish trap
51uV3av9HwwHaZt.jpg,tire
KbPL41Q1vXJ7Zws.jpg,fish net
6RaVFRNDP2Pjz7P.jpg,wood
4s8oRWf2217nOQF.jpg,bundle of ropes
5PqK4WGXR9WOrVB.jpg,bundle of ropes
QL1oHm4esNMmokf.jpg,wood
MWT4IBiO0XvtIUf.jpg,wood
0VmiBjcJgbyUYuy.jpg,wood
TLtgeFycJLOhllc.jpg,tire
NytnDRTVGj1HCO2.jpg,tire
UFFxBgQGoE7wyW4.jpg,fish net
Muzbn3PwD3sZ2Jt.jpg,wood
QuXf6e64NhJJazQ.jpg,tire
2qUX2zVbEtEGBif.jpg,wood
IiHQMc9HuJCwzch.jpg,bundle of ropes
kJCYPkxZjW773a1.jpg,rectangular fish trap
97v5rXT5hW6hNdm.jpg,wood
W0L3vs3JaSiGNV4.jpg,eel fish trap
KKxEZjc8nsM89Sp.jpg,wood
KRyh6coWNTQ5vue.jpg,tire
dvgu3RvkpNfW8B5.jpg,wood
drzb4dSgRIxh4aR.jpg,tire
R9CU7oeGT8WMNzG.jpg,bundle of ropes
STGGMwWHXYSj1Km.jpg,wood
NlxPQeGv2FzWe0H.jpg,spring fish trap
HG4X7LGibN4H7KV.jpg,wood
k7lr5HcTDz9Vnxu.jpg,bundle of ropes
DMf9jL5IYKIfLVl.jpg,circular fish trap
cRB79TIWAkMGDWZ.jpg,tire
mePMxZFTA6m4G1p.jpg,circular fish trap
NoOQLJY1rvUz0pi.jpg,wood
R50xoyKuLS6crvy.jpg,tire
mobeMv8UiLymqAq.jpg,circular fish trap
hLsOKKBZlCDc74v.jpg,rope
6ymaSNMGdJOrWUp.jpg,tire
drFcnC8IGpwXyhx.jpg,tire
Ifcb2EqLk5BkHyH.jpg,tire
jZ86wslDL1rkWab.jpg,circular fish trap
nCEl7Aw3V9TBmix.jpg,circular fish trap
0SekDDl8B9w5kru.jpg,rectangular fish trap
GlNJaxb6DqOjvzH.jpg,tire
7LId7v3F7AR9sRN.jpg,spring fish trap
AshRrHfXBQjPWGY.jpg,tire
YxKRlsFWc33C4u3.jpg,spring fish trap
1WhEq7zFnBLPM4G.jpg,tire
Si6to8d2OtNI9TO.jpg,wood
Hqfn7RJGiZMAHET.jpg,circular fish trap
LyRLXLXo9Ye3TmT.jpg,tire
Jk3w0HWXdfZ6Bev.jpg,wood
RydmRYXGHrloBLN.jpg,tire
6ScNmn5izmyicSd.jpg,rope
JuKJ5BHLB14pVih.jpg,tire
lxRMAbR2nP8vzQH.jpg,tire
CqfNjqWQylEJPqS.jpg,wood
6HXO9uQbNQUGx0O.jpg,fish net
HaVqpYBfFVT6WDm.jpg,circular fish trap
ZeURKDjVxaswtPM.jpg,tire
R8APPU6fOe0O1u3.jpg,rope
77gD1P24B93KCiZ.jpg,bundle of ropes
A61BCfEuMLzRGuG.jpg,wood
hUmEUrTjh8QUOYd.jpg,fish net
jEiqGIoVIxbiYKU.jpg,circular fish trap
YwwCMeF642VOHEf.jpg,eel fish trap
bD0HAgmykrjrr6o.jpg,fish net
8YZBY1eTZWAGdIZ.jpg,spring fish trap
2v3BW6ePcn1SlOB.jpg,wood
mpaYoDXbSY0rP4g.jpg,rectangular fish trap
1yTvsF6u2v9g4Rc.jpg,bundle of ropes
ZAy7UsDGcQBmAsV.jpg,wood
KOFWmJi7UH4rdKg.jpg,spring fish trap
EX6ttDshmT5hsXw.jpg,tire
lwk9zV9VtlT0Eys.jpg,tire
176kX0SFsz3BFGb.jpg,fish net
buPQ2wTcKLojAll.jpg,tire
hffp4dNi757JzBH.jpg,spring fish trap
dJXD7E9AldEZtSy.jpg,spring fish trap
VJXMWp2mB6mfY7w.jpg,wood
AiphkQtM0KE47r8.jpg,wood
bar7ywmuCI9qXe3.jpg,tire
nrzoPMUiNhASPuN.jpg,wood
TgbQkptbmksZrQk.jpg,circular fish trap
jjTiKItE58KkUJZ.jpg,circular fish trap
Fv188Voqxwb0sS4.jpg,tire
M6QLpFG9pU5k2oi.jpg,tire
kBNhaoW3ltt3sOB.jpg,wood
2iDr4adgdmZeyAC.jpg,circular fish trap
FvePlM0j6JL6rKa.jpg,fish net
avh97bcj8yIKOqv.jpg,fish net
PYTIwYOWlAZpv1C.jpg,wood
i354WoNdv8ArZpf.jpg,wood
cDNqyXcUwgNay7p.jpg,tire
0RNmYx47yiN9QPl.jpg,tire
OQdq2yEx2P6VkiZ.jpg,circular fish trap
KxmfMG5UyAPRy6n.jpg,tire
SjS1uduD8dE6dul.jpg,wood
LediS04HxE1XSuR.jpg,fish net
UqfDZcylWSPg0p0.jpg,wood
2SatL4Lwmyc95xj.jpg,eel fish trap
cE5CnJHXxtHefiY.jpg,tire
WCtoAbVYukqRWwV.jpg,tire
4FjERhXiCnqwiec.jpg,fish net
9lkQuv2lB5LaRlz.jpg,circular fish trap
Jm35o3Mwa7o9Bv0.jpg,tire
boJ4OnAGO0gIxNp.jpg,circular fish trap
YJD39N4UixJv6M6.jpg,wood
lQYoJFgGG62tCAQ.jpg,rectangular fish trap
Lbw734xXOTa5U2J.jpg,wood
ll6YnzlsBb1AorT.jpg,spring fish trap
5VJ2MozC9vtqWFF.jpg,fish net
eCLApxbyZyABUSl.jpg,wood
ePiSnQUlUt2vJig.jpg,tire
ellzO1eO0e3MBDW.jpg,spring fish trap
MMMdIU709VdH9wg.jpg,wood
IzRH3UOArognYfS.jpg,wood
MuCqNDXGQvhrQxg.jpg,spring fish trap
4ul3Daxr5QsfHeW.jpg,tire
gFpaI8KqjwnlwMY.jpg,wood
mguwfjmqSiZIPAG.jpg,eel fish trap
FQcCFEzNZWLe0Co.jpg,bundle of ropes
CShM57JCqOAKAnl.jpg,spring fish trap
m8spS46rLzPTcvY.jpg,tire
NTMej8nZrJua6WG.jpg,wood
fiaiBdA1qEzOhoT.jpg,wood
E2fr8JOWE9HkGJy.jpg,wood
9nlBMcc7X3Qy9QT.jpg,tire
QtVIwOVUOGl5zYT.jpg,spring fish trap
JWTZc59gEuoQx7M.jpg,tire
nmf8SwMoxTySR1Z.jpg,wood
h26BkGpfTu0h3Kt.jpg,fish net
TX8dgsSvHMNY9KP.jpg,fish net
Ks6XNZ6VtKwG2v8.jpg,tire
AON167ePiizir1V.jpg,rope
3rpteWNWNBt52XI.jpg,tire
fIY923noN0ju2L4.jpg,tire
8cWrHqI4h54A9um.jpg,tire
2tRzRlrDacRsWIm.jpg,rope
BdupK3TZo6MAKlX.jpg,wood
0mtMcUsyzb79sQ2.jpg,eel fish trap
9XuJJItv6xlPa0a.jpg,tire
IBgExCxfmx0CpcA.jpg,tire
OOUboyujc8sBYLj.jpg,eel fish trap
ZONcNlDvVR3KH5x.jpg,wood
iNpKrOEte3kuwRn.jpg,wood
7i1q7USsj7xhCbb.jpg,spring fish trap
0oa4YwHUCcNJVHR.jpg,rope
AkQeiiQz4g7rgdB.jpg,tire
T4t6tGw1v3J1Z2K.jpg,tire
aBCNZJ20QE6dkBT.jpg,wood
OTKNXoLU2He7cLv.jpg,tire
BbpMd6PZAHW90NX.jpg,wood
gDlmZLXaqxBt8II.jpg,circular fish trap
BJMX2cPwM6sU0CH.jpg,spring fish trap
AjxGVp1mMZXixkb.jpg,circular fish trap
jR2VurQ1XmrNW8B.jpg,spring fish trap
eWyiLYNUfDBwopV.jpg,circular fish trap
VG0O2EqtMiQsWEK.jpg,wood
oGIZp1E5VaE3WyP.jpg,rectangular fish trap
JfHAfBQBe2o3m2w.jpg,bundle of ropes
n5j2HQH96ix0rZ4.jpg,spring fish trap
XE32xczReeaXyr1.jpg,spring fish trap
nQMwWFKPCYKSa3k.jpg,wood
TX6n6cCVXtcA1vI.jpg,spring fish trap
XWZzdOBdtSH2ff0.jpg,wood
STtf2HUY5jgBXyJ.jpg,rectangular fish trap
ITlx3RNYJJIRXoF.jpg,other objects
NNoyJeZAK11iKsi.jpg,fish net
e914efq64j3aSmk.jpg,tire
hLGrY9XKc7DzLEr.jpg,circular fish trap
PW84sRSTPSazrXf.jpg,rectangular fish trap
JoxV5kWmzf0w97r.jpg,rectangular fish trap
Mq8SDdnWkOHM4Fv.jpg,rope
a5JsNSZExLlqGQq.jpg,wood
61Yu5ZzBnbkHO9j.jpg,wood
OIfkTlDQFbKbj7B.jpg,spring fish trap
85gp8qomJgT1vQH.jpg,wood
N7BH9793MJoI0zS.jpg,wood
1yCN20tXpEkRbpe.jpg,circular fish trap
OrzPCmh9MSur96U.jpg,wood
OeqMYyiRS3TXUcF.jpg,wood
X9qtpDcQwHpnyh0.jpg,tire
DGvm8th7iJLKuaT.jpg,wood
HplwM6vxiNy639V.jpg,spring fish trap
3PL6WB6SbXgTzJb.jpg,eel fish trap
F4GJjFymRpZsqx0.jpg,eel fish trap
VDiFF9D2ZBvUAc8.jpg,tire
162gK4OEHPTbIEw.jpg,fish net
fKT5SbrDnYZsv8e.jpg,tire
Z3BOMEPp1zTMjsI.jpg,tire
8rFuuY7fbQTHjV1.jpg,bundle of ropes
6hBFKJ1tHSJF6Fm.jpg,bundle of ropes
Sj59eCFWiPe14br.jpg,spring fish trap
TpAeaFRA2LsEE0O.jpg,wood
Kbz5MuAF5HznGnP.jpg,wood
SygGiIDufnflsdw.jpg,spring fish trap
asov0PGJAMFfuVD.jpg,circular fish trap
jzKXJKpkU7eeMNO.jpg,wood
31Khm6DJZ4SS6Gj.jpg,circular fish trap
jPH3Sc6xYuCdkSS.jpg,tire
5ulA58Eaad34eVI.jpg,rope
hyawIhai9YOTUg7.jpg,wood
nCwpEbGeErPog1B.jpg,tire
Vx1TaQgGrpNHYLG.jpg,tire
BqQuGemFKJIMpYb.jpg,wood
ftvUPts8G8ZlP2h.jpg,wood
BGWqR2lsmCrABkN.jpg,fish net
RuIvXQHyps3MZ9z.jpg,wood
YjeRB2Ie4P5iBGc.jpg,spring fish trap
MPFlWj0B3y4R8oU.jpg,tire
eOtMRAb1q1Fp3mq.jpg,wood
CC0NzsuPAT3Eaig.jpg,wood
N2JylbVN1VRz6z2.jpg,wood
hAnq67FuhVFIKQV.jpg,spring fish trap
NU3uriBC4pxFWeC.jpg,rectangular fish trap
eGjAcjLIR0AhynK.jpg,fish net
TyXKM5MFImqnCZg.jpg,wood
biZohY80kS2WWnb.jpg,wood
4VVf87lj8UGLVxC.jpg,eel fish trap
CFcmdjBD3NHkRlX.jpg,wood
8xefHzOUJDpIfA8.jpg,tire
W1XX4DDQS81IMf5.jpg,wood
WnpeHzZqGxlY7zH.jpg,bundle of ropes
F9sZMUswHiiBO6B.jpg,spring fish trap
S3DrQVrVQGT5vkj.jpg,circular fish trap
9h4HJ782KCjevok.jpg,spring fish trap
7NI6pV43hG764PW.jpg,tire
W1rQjTY7lHceHCF.jpg,wood
mIejbdgRazM0NZ8.jpg,circular fish trap
9zY2ivCqoCxMyhK.jpg,tire
Wp78XsjzeRuevDP.jpg,wood
V5xVSvat440qgHL.jpg,wood
MDomBiTfN7gtLvB.jpg,tire
OywanpG1GmrLCmp.jpg,wood
Z12soVqThuNaSZ2.jpg,spring fish trap
FRlbgv8iDFs1Tmp.jpg,spring fish trap
EBApD1XGhD9Bkze.jpg,wood
Dl0YQ8g0DNzCKiw.jpg,circular fish trap
f1tvWRUknnVJwYw.jpg,spring fish trap
O7b36ZOpLfyQHSh.jpg,wood
YXkvKoota5wViyP.jpg,wood
SGHezguSdD2LTBZ.jpg,fish net
61hr2E28HLgk0le.jpg,circular fish trap
PeCO4RPyHWEp6k6.jpg,bundle of ropes
BQsnj2RIUq6dFT4.jpg,spring fish trap
i1mFmRy7KfzqoFt.jpg,eel fish trap
9CiYuIAZ5lrVy5W.jpg,wood
1P3gJ4Rsif09tEL.jpg,spring fish trap
iSZ8EtJlkqTcAI0.jpg,wood
Jvg5wkXUBJXRg4i.jpg,tire
6J6rIsHI5Q9HEw0.jpg,wood
J6N6Z0tzeNBUFUZ.jpg,wood
ESUuTgPgGDclpZ6.jpg,wood
ZS6YAPTkRQzEok6.jpg,bundle of ropes
8VqB8mTyCgxakoi.jpg,spring fish trap
2tSI5SlOySfRib6.jpg,bundle of ropes
l7bRosRswu8B0Gb.jpg,fish net
R20UBOtTk5Ixiju.jpg,tire
UIUSwZkhawtpG1M.jpg,spring fish trap
GBGiaLAwfY1Xsfk.jpg,tire
VhiVtkqfWoKb3i8.jpg,spring fish trap
mFv7TYfor7nr0Jv.jpg,circular fish trap
W6llmYdEsSl7kfa.jpg,bundle of ropes
NcBZWGuf9beBM72.jpg,wood
ePW6RgtgBX0e7LN.jpg,circular fish trap
TNXPbQ2fDxCpdVX.jpg,fish net
9d08HI3qbdAjnQd.jpg,spring fish trap
SBr9GFea82VhQNW.jpg,wood
TuFfBu5ZfP1txoS.jpg,rectangular fish trap
9tPEsZ7hFkyVEMl.jpg,wood
UvQofvu7ipmatrf.jpg,bundle of ropes
JyxHHv8iEkAxpcH.jpg,wood
29r8NsgQXNyPy3t.jpg,wood
Uu4GKcIm9hWYry3.jpg,tire
Rf06y9wPxtMiIUP.jpg,wood
F0pFvs5ohAvJ5hp.jpg,wood
YkYZfLoqBcWlFnm.jpg,spring fish trap
USvjxhBft3xLSp3.jpg,tire
X2Z3e7MgJdihblq.jpg,bundle of ropes
3fNQVjfdnBpfvhv.jpg,fish net
WhIJqPrpldDnQO9.jpg,spring fish trap
IsJxo60QYlLT3Y4.jpg,spring fish trap
K4dO42AAiqkbMId.jpg,wood
gtUyzihlEo489ND.jpg,bundle of ropes
XB8DBej8xy7T9Uo.jpg,tire
N82X7zlgaR5mevC.jpg,fish net
fz03h6qA8ctGeQT.jpg,spring fish trap
Qa1zQDPl0Shr2OE.jpg,wood
fU11cgU8GHhWZBt.jpg,wood
FsNhYrcEtl48ed5.jpg,circular fish trap
8SpOXCPGQfKNP4j.jpg,rectangular fish trap
TeiZEZ6bLjmFh5S.jpg,eel fish trap
SZcz30FiVmz4BHe.jpg,wood
dP7YPhRlQU0VLxk.jpg,spring fish trap
JVuUmoNuzFdcKRm.jpg,spring fish trap
2rnYRdVu9AUdiVz.jpg,tire
Hc252P5DVY5RinZ.jpg,tire
NcM3Hdq7BLjOtGB.jpg,tire
LphWbvg0ldCZRIP.jpg,spring fish trap
EzklPF2kWzjplrR.jpg,wood
Ycr61V3FmQiTRb7.jpg,wood
kO0nMcnp1Mggq4y.jpg,tire
Hsx9YkuLH9l2TAe.jpg,circular fish trap
5qaChufAltFbAiC.jpg,circular fish trap
Tdg3o2wXOjn1tQu.jpg,circular fish trap
N6rI4fV31hKTSw3.jpg,eel fish trap
DM76FhEqsA5PWDq.jpg,spring fish trap
XzeTRgWNOMeePCM.jpg,tire
RfNWrNDzvzy2882.jpg,wood
96vBdQymgtND9gj.jpg,tire
b3kr8p4fXvmifxL.jpg,wood
hb67OrD1rvPgTzX.jpg,tire
KOxZyxl8H7xMBFF.jpg,tire
2IjKoEx1PhnjWmy.jpg,wood
a2wrBGti81uMazi.jpg,wood
JNwizIId2MpRldZ.jpg,tire
MMkkzK072qNmutC.jpg,tire
4KvVaNuHXBDkheO.jpg,tire
8qVvDBkQm7UWWRD.jpg,tire
FjCTpdlehGWISFS.jpg,wood
3kqViCibatysGhz.jpg,circular fish trap
8zDC6feNIXfEOlJ.jpg,eel fish trap
Ulr6idSyKGtEpbB.jpg,tire
B57YJXJpUD586Gy.jpg,wood
FEnwLBtjq9B0Uge.jpg,wood
h237T3BjzH21Dps.jpg,spring fish trap
WvPwaBHYjzCYtK2.jpg,spring fish trap
Uowfi0RW3yJsf11.jpg,spring fish trap
Dq6STihDOWFKrAi.jpg,tire
cHCF2RaH1g4d12n.jpg,wood
woTv9SLTlba8hid.jpg,tire
tA9X6Qt0k0frnuu.jpg,wood
w5tVyzkajnR3uT6.jpg,tire
sdXV1vObhPpFHfl.jpg,rope
qTV7ppwnZd4Oh8R.jpg,tire
q5Mw7lCromOoksE.jpg,circular fish trap
yVpO78iWhQNo2yM.jpg,fish net
u58UKianpY1jE9k.jpg,spring fish trap
t1ruopyVw2G6dD7.jpg,tire
sfPYqJgPxtytqs6.jpg,tire
qYweseMdjHUXfiV.jpg,wood
ugSR4Cws9AXNOsw.jpg,tire
wZ9avl0UwwGz3wX.jpg,tire
rD4iED6hNIFP6hX.jpg,tire
owCsq5vIxuuuhOQ.jpg,wood
sLGpCiUM3Sq474N.jpg,spring fish trap
q5CxFBllbq8mmY1.jpg,wood
xh6xIb8cNmIIKng.jpg,tire
sSnaD8fnt5EYIUU.jpg,bundle of ropes
vTgMCPiNQJzFCrd.jpg,spring fish trap
rskGxWLjCqgXjT5.jpg,circular fish trap
xO5ISX2R1mZpFMh.jpg,rope
qfUFraSi8zIfwGZ.jpg,tire
z6LIZTGlIk04lCD.jpg,rope
tfC7nlb5H1zfLnA.jpg,spring fish trap
yfTZmhIYAihG5Gq.jpg,tire
wsf2GYntmJPJubj.jpg,wood
yAjV7YFc7BQ89av.jpg,fish net
wdUee4LAfWg2X2N.jpg,rope
r9JPgiif2bXKXr1.jpg,spring fish trap
v92Pqe4oSQP96O7.jpg,circular fish trap
vJzZ3KZyY0bvtB0.jpg,tire
wZgddK1fFx0qRGR.jpg,spring fish trap
tWcFgsCms03A2hA.jpg,rectangular fish trap
v5OJHjwoPXm18bl.jpg,tire
r1tqbqRdpmgrDt9.jpg,circular fish trap
rh3D0eWhj75hNzA.jpg,eel fish trap
zOzaBYVeDIHmva9.jpg,spring fish trap
tSZGKc4RJs1hbjO.jpg,rope
ov0VNHN33nuCrCG.jpg,tire
y0RjpIrl88gKLjB.jpg,tire
qBwgPQkTXblLFuK.jpg,wood
wCFYWuO5vgDG5SX.jpg,bundle of ropes
yZjv1w7qX8lqGtA.jpg,tire
yxBqQiLzC0sRgO9.jpg,rope
oYAl1KGLXbnYfie.jpg,tire
p0YHfvFir2iiEgw.jpg,wood
xgOBI8ALwz9Hrk8.jpg,tire
tvXrkULqm1vGOf6.jpg,circular fish trap
znSynZ29f0SwVT2.jpg,spring fish trap
spyQwK3uzeQRKt5.jpg,wood
t4xfjZK2jQpeLIL.jpg,spring fish trap
vMFHEWsA9ULgCY2.jpg,spring fish trap
wSfK2CVL8McuDas.jpg,bundle of ropes
t4wcdiFcv5YrqSL.jpg,spring fish trap
uya9qRUo1UJojIJ.jpg,wood
rYzT7clFtURc53b.jpg,bundle of ropes
xt2DzfPHKGsM8fq.jpg,tire
vZyFbTs88mST7qb.jpg,wood
onxGVo0HxTt2CJS.jpg,circular fish trap
tSwmyc7OG3IWGr8.jpg,tire
rVtjzg51lJbbHBZ.jpg,bundle of ropes
spCcfWzzreEs7do.jpg,tire
u0J2GXQPiLfDhQb.jpg,tire
tEoMYs4PtZxedIr.jpg,tire
qzZzjezaP9pDiFz.jpg,bundle of ropes
sgdkoU0PGZFGR0G.jpg,spring fish trap
uqfrI7OjysiWKR5.jpg,tire
ygThnuorwctUjSN.jpg,circular fish trap
tjJAwlnIaNhHArv.jpg,circular fish trap
w1ge2pVS5IniZMB.jpg,tire
qQ0DATXGT9pggiY.jpg,spring fish trap
xqfJPANcPkc3xZ0.jpg,circular fish trap
srST6WUUP1Za36Z.jpg,wood
tOwIECK2UopJffw.jpg,spring fish trap
w0oX3APvXI4FPWK.jpg,wood
qo1R0Qyb2wboF0E.jpg,fish net
xRlid3SrszgbpkD.jpg,spring fish trap
rdTHjzaUq33tOE0.jpg,wood
wMGUvMLnnEmE5FE.jpg,wood
srw2PLNiYpx3VgZ.jpg,spring fish trap
u4S84Y0GJWIKjr7.jpg,wood
tnam8YbxVsZtTmd.jpg,tire
rocm2eBRgKbedq3.jpg,rope
tZxfxgMZpLu93hR.jpg,tire
vess0DZwNoGuxWO.jpg,tire
tfyYDVsa8As6KgR.jpg,tire
x2bkbT08neVywaG.jpg,spring fish trap
ph2aAEioe2QzAE2.jpg,fish net
yLwYTs5bsEHVgG5.jpg,tire
uvSkaKvYwmcVN2j.jpg,tire
qiZpEglwJ2zV2HW.jpg,rectangular fish trap
yM5nP17mx1CWUcL.jpg,wood
tu5qMl4NH2euIeD.jpg,tire
znJGMeDhmV6qzLG.jpg,wood
pmpqaYy2hMYMrvX.jpg,bundle of ropes
sfQc58bOWN3kCBo.jpg,rope
pEBiqPDU4xdj07E.jpg,bundle of ropes
orgXkyBWWQ2cdLB.jpg,tire
wpdvsYsgXAPJVsx.jpg,fish net
tEgd8tFFdM6cyXl.jpg,tire
ta5OWJMoDTfCyXj.jpg,tire
xeUbtdWvLRvscUF.jpg,tire
y7uO9bBY2Sa3O1V.jpg,wood
wvSXnlI6R6OzGFK.jpg,spring fish trap
ufL41jCTkQWWKZP.jpg,tire
puJTeAo0qmi7udg.jpg,spring fish trap
y56rex4DcnkKilv.jpg,wood
uYWUo2J7LrktM7c.jpg,bundle of ropes
rbIEkbMpIMar3gQ.jpg,spring fish trap
vjAY3yDRR5LkIxw.jpg,wood
zYdRdeAKug6C1dn.jpg,circular fish trap
uFxfU2UuUeDnDU3.jpg,eel fish trap
yt8CylRfu2SpUrv.jpg,spring fish trap
vCpXel5B3M5xUL1.jpg,tire
vtOlaQs2GtauZSb.jpg,tire
vBOVTfpTlE61I3h.jpg,rope
uBiQdQ2TJT86eFI.jpg,wood
zg7W1tMW3MwbQix.jpg,tire
w6lTipXE0tDgxEx.jpg,fish net
v0xKaiHeZb9G0qa.jpg,tire
vLMDL24LDtyvXkg.jpg,circular fish trap
qeexHqCHCeWb2nu.jpg,wood
rjRAFjZPkvfNQSJ.jpg,wood
rBCZ8wCJeHtcVgv.jpg,wood
p9uvg9MxWUJCdk6.jpg,wood
srU3Npjjh4ZibEN.jpg,spring fish trap
xU9pPZqcYQnFYj0.jpg,spring fish trap
suX6yvoGiqktDTW.jpg,wood
ocqvFkWTEXUSVVZ.jpg,spring fish trap
zibq3vNl0z0ndIX.jpg,rope
vg6FyUYI3053olB.jpg,wood
q51kOLDEda4dtc3.jpg,tire
sFOEyg1JBa14Q2O.jpg,circular fish trap
r5lrIOLwIw7RqwZ.jpg,tire
rZqlwT5lMJuh9Uw.jpg,tire
qEddYYZvbhOsLXO.jpg,circular fish trap
vNemPKKXit5kBmX.jpg,wood
rNse6lGF5Kfkk4f.jpg,circular fish trap
t94ldGHKrC4dHnj.jpg,wood
siHSbuml81aARX0.jpg,fish net
tviMEKdnCTEB39F.jpg,spring fish trap
u0ke7umExddTt1Q.jpg,wood
wr50JXOiIwgfzUj.jpg,wood
tagBQfkKJ6Q90rT.jpg,fish net
v8lzSkKTqohjsnE.jpg,tire
zksSs5W45qA19yE.jpg,wood
rGDmJeGHQBWOC80.jpg,spring fish trap
x2QzKIHfCZl8MdX.jpg,wood
pj66cwaHmV1WJtT.jpg,tire
xAeMIjiZ05hlRsp.jpg,eel fish trap
rzUMtYLEYFpgq51.jpg,wood
p6hzKxizlmjrh1T.jpg,circular fish trap
qM5NNOt1VO0oLZe.jpg,spring fish trap
wKK9Wj8Anvd4Bq9.jpg,tire
rEw1CxQrM8ttveU.jpg,fish net
w14rWjFns28kp5d.jpg,tire
wm3WGnbPDMOofCu.jpg,tire
qU9Bk0EyFLxctwq.jpg,tire
vMwejgXG5PWSVhH.jpg,tire
w44uBh9idfQpQGi.jpg,tire
qLmbgyA3shIqRu3.jpg,circular fish trap
vbowPzUzkp5whB4.jpg,wood
wU8C2uEzpDDOS0J.jpg,fish net
zC9dHTebNWyb3X4.jpg,tire
xDd2wtjETikMdHK.jpg,circular fish trap
vhnv2psDuKqCxiQ.jpg,tire
sQKQ24Asm2OPSaO.jpg,wood
ywthgykHxgEr2bn.jpg,wood
u9dk2d9ggTrrNzy.jpg,bundle of ropes
rYNjlVHJFCwdxL9.jpg,spring fish trap
up2RzmElgREPbh6.jpg,wood
tEHDHMTQvLJv3Mm.jpg,wood
wfKw8j9Yptb7Cq2.jpg,eel fish trap
zXlU1Z2TvGJ7gpq.jpg,wood
vvQVFGuhkcqh4Ye.jpg,tire
vH94fwQGpMWHQF6.jpg,wood
ySKzDydp8crxFdn.jpg,circular fish trap
rsZ7QQSJgA2slda.jpg,rope
t6lTJsTFoh3nuCB.jpg,wood
qtN3BmG2FTMbvdk.jpg,bundle of ropes
w3qWs0JjbwgyKzB.jpg,tire
vdrapNvjqC5MwLe.jpg,wood
wmsBrgeWLo6Jk48.jpg,tire
rTUVpS6U5E54LCo.jpg,rope
txhb6ynNYihz2RS.jpg,rope
wq766PjzzKXMvRC.jpg,wood
x6sMNpNuq7SiI85.jpg,eel fish trap
u02dhVfZZorh6Fj.jpg,wood
yoRB4ssgEj1VMCR.jpg,wood
pGhJZxnWqJzqWZl.jpg,wood
rWzaJl3NkWLNaRv.jpg,tire
qX3aTzBxxGvWssK.jpg,wood
qN4jZA6LJyienco.jpg,tire
s7r5vA1qXeVRlgm.jpg,spring fish trap
tH62YG58xIUiO1R.jpg,wood
wnHZYhQsyvVO6fl.jpg,circular fish trap
oz4lA7XvlVKbfwx.jpg,tire
wUy5aSkMK31tyVa.jpg,wood
qyFlmdachmTw3Rs.jpg,circular fish trap
qHlAtJLaXLRnSnS.jpg,wood
tKeC2PF4xzrMk5V.jpg,bundle of ropes
xMV6nRngnAFV6En.jpg,tire
yYefkvGEAUV5dJ6.jpg,wood
pHfcSaZwWmQLxmk.jpg,wood
w3kg5f1eSFZqJfX.jpg,tire
oyTb4tpxBg0cpsk.jpg,fish net
zFgChrgx4h8VYC1.jpg,bundle of ropes
xMHJadLRk63zuLt.jpg,spring fish trap
yqM270QBbG9VZBh.jpg,wood
tc1FWch448zpWy1.jpg,tire
tutxrhwWq0OpE70.jpg,wood
sMqCc5Fxi2V4AIw.jpg,fish net
pk0JxtZCZef2xfk.jpg,wood
vP20IFGDm9A4DOr.jpg,wood
rGnMSBu7IPBTQjf.jpg,rope
pBfNQpqYjTiW6eO.jpg,bundle of ropes
yFtVapqYLiFsYxb.jpg,rectangular fish trap
z8RiJ1k6JakCX9Z.jpg,bundle of ropes
z7OdkzHEl02AigC.jpg,tire
vQebS23vpZMkFEl.jpg,wood
q2Be0lLQQjF09MY.jpg,spring fish trap
tXcc1jxQL8zzQlz.jpg,wood
tdxGvK5eYB6QpLe.jpg,tire
ucJxAZO8UjKZfl3.jpg,circular fish trap
rprpkqEBdsU8GRO.jpg,circular fish trap
pCobNJZW0ki0Fv2.jpg,wood
xDrDnw9gOQkDRry.jpg,wood
ryLNTm42JZEcKYR.jpg,wood
ukGvQAIeyTHAhBC.jpg,tire
sIuXYYUpPjUReoC.jpg,tire
pZW7DArjZkMLx1P.jpg,circular fish trap
rDo3clK2ihan9rb.jpg,tire
zgZGHmA8TgwkRMe.jpg,wood
wz5nWMq15qjNuRg.jpg,wood
x79f0v2MGvbAcGL.jpg,wood
tNVmJo6GhZTWjKB.jpg,rope
uFA1EG3glK5jbzo.jpg,tire
r6s1LL0X2EeD1FG.jpg,wood
u0LUl3bUjgkJyx8.jpg,bundle of ropes
uquZj7Xmwl76SWb.jpg,circular fish trap
teloTQUZz9P3Oh1.jpg,tire
wBU26TQqnaJT6kJ.jpg,circular fish trap
uzq2H7LPyoLDapF.jpg,fish net
zwRtBeE2MleKS32.jpg,wood
xbcw5RrJv20NtT3.jpg,tire
vT1wI1Zw2bp1aBA.jpg,spring fish trap
tVZdr33ib5tKqrH.jpg,other objects
p9qUqbGdR5ZlgSK.jpg,tire
vMND4ve871iCIVg.jpg,tire
v6xLjYzeG0YMgtn.jpg,fish net
yJy5eASru7a4aXZ.jpg,rectangular fish trap
oxw2NdzcFJQxsMT.jpg,wood
t3ZtHIMX1cBatpX.jpg,tire
xX9FC4pI9a5ZQX1.jpg,wood
skWvImWuiHfzaAx.jpg,rope
rWHH8YzahtEm2Nw.jpg,spring fish trap
wHvMqU35snGE6Ur.jpg,tire
uxbY7BgJHLhoomy.jpg,circular fish trap
wveWhwY2xvJRHGR.jpg,tire
wsRCohVrDOTccOm.jpg,bundle of ropes
wJBbNQuPNQJL80h.jpg,tire
yM1VqqkAapQjthD.jpg,tire
zgreI945Oofnpxz.jpg,wood
qkr9e92WWhPb5cF.jpg,tire
xEhSDph8HUXPhz4.jpg,spring fish trap
q6KYJG5rDI7dTQD.jpg,wood
ykfc9KJKLYnDLRA.jpg,tire
rhldQvhMymLpbeW.jpg,circular fish trap
v8lKBOyxWl2llZl.jpg,tire
xXdfS2LwmZPMYjj.jpg,tire
rzd1RPhUhcGeVmn.jpg,circular fish trap
xplQIYpwkjH9bNe.jpg,tire
qARbwm0P6CDdjsJ.jpg,rope
wNkmvD3DDxHqUBj.jpg,wood
uiXstogzW2pk9Ws.jpg,wood
uD6n5DgyQGbKKK0.jpg,circular fish trap
zLIpFGFCgiK8wtL.jpg,tire
tEEToFfHmiyQmjx.jpg,spring fish trap
y5wPP1jlhBaef9X.jpg,spring fish trap
zy3OhSqhnpW5g18.jpg,spring fish trap
qaHs9ceOobXxP27.jpg,wood
orlF6a2bIIZxVlg.jpg,tire
ywweuz6QzPCh7Tt.jpg,tire
zDGlgf2LS1WhGH7.jpg,wood
sT5k6WxivBRi3zG.jpg,tire
xWKlzDn95v2W8f2.jpg,wood
tHc8pMZaaztd4oZ.jpg,tire
opTaWHMkhNvyuCh.jpg,tire
vMLiPJZPh6IqAnB.jpg,tire
yKzTysrta9F26sc.jpg,tire
vw65UxETkZEA6dK.jpg,bundle of ropes
oqlnfEbJo7N7dXb.jpg,wood
tVlR4Vd5L5ecrqw.jpg,wood
wHivLpYOts85vn2.jpg,eel fish trap
vQEFGeFfW0XUSY7.jpg,wood
yVWumGS1W7rHkJv.jpg,spring fish trap
q9BlVPN1DuIR9NW.jpg,fish net
rZBKkAGe74lmKKF.jpg,circular fish trap
tWhEIdtzaWM0veu.jpg,tire
qjQ7vubqVgOPCqI.jpg,wood
qMmyvbBxfJOYxAB.jpg,tire
rTi8GVB59uLFFug.jpg,wood
qE3KZoSZoxGrGqr.jpg,tire
pOj25rqnnzTJQSP.jpg,circular fish trap
s3VpiXSRT5OObrg.jpg,wood
ujr6xTT9642gMNn.jpg,tire
omUmsgF0B4pRNR2.jpg,tire
swv9NXvjJKVJwbE.jpg,tire
xFEA1P2u5EA7uLU.jpg,wood
s0pw8lu8wvZKnBB.jpg,circular fish trap
tbRX9RvHLUiLdcC.jpg,tire
wOY4S5l89JzoAK1.jpg,bundle of ropes
xwMDdqnXkBVvbky.jpg,bundle of ropes
tAGfwrCpvn3Y0HB.jpg,wood
qpV6m7fR4kO8lU3.jpg,tire
yy2dmuN9KLZPr0j.jpg,tire
sitAntgmkthhq22.jpg,circular fish trap
yVs0ERQRw7SziA1.jpg,rope
vMM5pQoB5QPydny.jpg,circular fish trap
zeToZq4ueGlKRLb.jpg,circular fish trap
s7bEZCawbcV9xwU.jpg,tire
wvFEdsTAydrgCka.jpg,wood
zxk4MJNGkZH1elO.jpg,tire
owUafHHGGKulWiG.jpg,wood
yG5fHepve39ZJTw.jpg,circular fish trap
pLRiRul1ld39Kln.jpg,tire
s2SVE8HAYtLDq5z.jpg,wood
uxZJdzd9bi3673c.jpg,wood
sPMp3xLV7nZwu4d.jpg,circular fish trap
y6FY3RuTgeesuCS.jpg,wood
rtNGdBg1v1Mypaa.jpg,circular fish trap
s9kPYk1opWZPLuS.jpg,wood
pvvTUU6BfaaKoiO.jpg,wood
ta6vqO4mWxswAki.jpg,tire
ofUmdB8sspLcB4Y.jpg,spring fish trap
sS5o0FF3sbHAUr3.jpg,tire
rUU5DRGDPvF2QT2.jpg,tire
s4wB5Ytk3YAsvgx.jpg,circular fish trap
qUaSZRmzJOOMSeI.jpg,wood
yaEmdVRmNacgLAE.jpg,eel fish trap
udQ2DnoyRY264Qn.jpg,eel fish trap
qgt1ekxvrzEIC6q.jpg,fish net
xcXcBayYmzbDefo.jpg,circular fish trap
tF8aavXvDUBAic4.jpg,spring fish trap
xhN7oksexC2YmHk.jpg,spring fish trap
s9hElIAJyHX6YQA.jpg,wood
tuYLAN4Id6HrDki.jpg,wood
uVufgJS8cgCLYiT.jpg,wood
tJ9BOZg7vQmFyJh.jpg,wood
z7yIPVugD21SC5M.jpg,circular fish trap
tPQo9nYhapWPRgH.jpg,tire
pD8xU6TU3y4onRy.jpg,spring fish trap
u45ogdWKY2pVPPs.jpg,tire
pniKGl71v9jKn2w.jpg,bundle of ropes
sUxseLksVG3cIym.jpg,eel fish trap
q5exMZs2ttvsjUQ.jpg,spring fish trap
vHGqiPuTSxmKfEh.jpg,rectangular fish trap
sWQMBXU1pFGVAO6.jpg,tire
tmB6ITSiNFJdXUS.jpg,circular fish trap
y3ZbGw5Lc28GBCH.jpg,spring fish trap
xG4JKCkjyUSPTBl.jpg,tire
r7sbjay0Gn8RYe2.jpg,spring fish trap
r5kwB0dKnFzY2lD.jpg,spring fish trap
ykvhAMzwK4leHiM.jpg,tire
zvwDjTgaJDZYfJP.jpg,eel fish trap
qRSS7VIuefABroW.jpg,spring fish trap
p0Ruus0LZjaiM0X.jpg,wood
wbT7ZyBy135BAQB.jpg,wood
usEjLcJBn1CZ9OV.jpg,wood
y3ceGd2IinguMx1.jpg,tire
rjMHqLGMZXNrYyJ.jpg,tire
oW6UNS8PWZDtRHi.jpg,spring fish trap
tQ8VNOZONB44630.jpg,tire
ytuOBoqMsOcvgUA.jpg,rope
sIBlqagjyxRkafD.jpg,fish net
sqezZwrqIBuVsBO.jpg,rope
u0876EzPhZJYFBB.jpg,tire
tPg06xUWjCsnI94.jpg,circular fish trap
sn4XWnZCO759rhT.jpg,circular fish trap
teWfik5DNoRLaC2.jpg,tire
r83GJvrdaCRDtPi.jpg,circular fish trap
vYKIpSkgLhODd7h.jpg,circular fish trap
rgKJy81uv2R4J1A.jpg,bundle of ropes
yAv1u9pvUcmUYQf.jpg,tire
vwOqMQ8eJv8bP38.jpg,tire
vy7U6nomj82QFcA.jpg,wood
p2mrNCTOv74xb4x.jpg,tire
uEkAU5FQWPy2Eo9.jpg,eel fish trap
qOCBNg1lsDMxX68.jpg,wood
q3Q3pzURbhFYxMB.jpg,spring fish trap
uKS2UJIIRATMEh5.jpg,tire
x3574XBT7lr8Foq.jpg,wood
yFFzJdTXGKfKrLG.jpg,spring fish trap
x8YchXW2mmELMHk.jpg,wood
rQQuKUHrhi7N4AH.jpg,wood
ojQNux7JxCOsMYP.jpg,wood
tI3QKwPe2hVMmk1.jpg,spring fish trap
zcUqja8F73O2VnK.jpg,circular fish trap
zuVNKDjeSg3WuTt.jpg,tire
peuSH9BQBc26eB7.jpg,circular fish trap
oysFF0ebF2e7puc.jpg,fish net
y3A9BJdTSrbi8zv.jpg,spring fish trap
sDlkvfeAgQ7xlpl.jpg,tire
wbGPmIAjK1PX7VH.jpg,wood
p4goTWSNviMyOsm.jpg,spring fish trap
wXdHv7U50gIOtAs.jpg,spring fish trap
w2YaqN1KjdkYLir.jpg,circular fish trap
xZYybK6kLuFcYFH.jpg,tire
oiC8KAjzM5gwAi4.jpg,tire
ugdmDLB6smKRNkL.jpg,tire
oanvWrMq7aqfmf1.jpg,wood
ylFWMjd1SmkGe2C.jpg,eel fish trap
uzVoSnyAodHEhui.jpg,bundle of ropes
rBGREcKNhiUkJwK.jpg,eel fish trap
pDMInn4HkEKWtEy.jpg,tire
od3UMGHXUW53t2M.jpg,bundle of ropes
huMJlN04YsFGeZp.jpg,rectangular fish trap
Zcc5KPoM16nO8Kt.jpg,circular fish trap
kY5vTq07PdTrAUz.jpg,wood
AF2KHlpoGw6aIt8.jpg,wood
ndZG0zzU79N8FLk.jpg,tire
5pJ926K0jYrAz6A.jpg,circular fish trap
41aZACnnXwHzScJ.jpg,bundle of ropes
0NGzPk9IuwmPJqU.jpg,spring fish trap
AfVOYQXHAB28u47.jpg,circular fish trap
KmhJKq6paE72Zrq.jpg,bundle of ropes
79eEc6uAJrDfR3N.jpg,spring fish trap
F8j0gRpODFd3lDy.jpg,spring fish trap
BzzdqyUqhFVEnhd.jpg,tire
c2x0lae3D8A3vpT.jpg,tire
07KbL9w5211UA8i.jpg,tire
1fS8NbnOVajjWKG.jpg,eel fish trap
5vhXNPZPesx9GtW.jpg,tire
FzWIZY4bgac1oUt.jpg,bundle of ropes
UB7xsLl2VN1k1R9.jpg,circular fish trap
HYY4n0DGOzk5gbJ.jpg,fish net
Bcn9ihH7QXgKOlY.jpg,tire
DermjUtIETKVrpS.jpg,circular fish trap
QuvE2TFHjozYM7e.jpg,wood
62PuMTV8DebXEm0.jpg,wood
njcklUZJNqSqpEk.jpg,tire
mBzivIYlP3kv9zL.jpg,rectangular fish trap
d8791p0gR4K4Xam.jpg,wood
lh4Jv0b9FiIFu1a.jpg,tire
6eHB4mUP5WQ16Jr.jpg,tire
LjtPAf0GII7MlMA.jpg,fish net
dS7eUrdogdjM90p.jpg,eel fish trap
lsDWxyz3PIIawN1.jpg,wood
kbJY4ouoSu95fle.jpg,wood
FA8YWjetn3zEo0X.jpg,wood
8uNwB0MfJjJTV4o.jpg,rope
U0wagE4qsXyOMXP.jpg,tire
1ap10r7ZWCIQaz3.jpg,spring fish trap
T7pJzOG2bO5IDa2.jpg,tire
2MXx2K0sh0qogoQ.jpg,tire
0Z0K7fr5SDl4Ln9.jpg,wood
JB3lKK49jXB7VNA.jpg,fish net
IIj2EPoSGaClzas.jpg,tire
1fL8ZiuFz1uBMZK.jpg,spring fish trap
oJV0e4lR1hkUh81.jpg,fish net
7tySr0GaAmxgJzm.jpg,wood
8d3XghuSqce2FMk.jpg,rectangular fish trap
12ExFF7j8h9cuy4.jpg,fish net
XZFsxSEVgzHrpD1.jpg,rectangular fish trap
RTHp3AJLKTFXy2c.jpg,bundle of ropes
MeoHmKM2qRESauL.jpg,rope
8oIIp00HLvbf7E6.jpg,wood
IKfZh2RWHFdSEGe.jpg,wood
EHGvIy7UlVD1utP.jpg,spring fish trap
Y5Weo9cRfVgjrKp.jpg,fish net
UnwbVbKB1q2x7TT.jpg,wood
SH3eBTG5cwiJ7pD.jpg,spring fish trap
g6a8b68aKXDvuJC.jpg,tire
HrOKhY1dXbFBF0v.jpg,wood
d1fS9ddsXQ2AJXQ.jpg,tire
7hXQO5m9L6m9pZb.jpg,tire
AvxmxnYm8Re2Yht.jpg,tire
5AOmqBkNsyJmz98.jpg,circular fish trap
7IqyHL63oGGt2oP.jpg,wood
BZF71avE1JYgrPg.jpg,tire
YHsfKOcQpPUJOSm.jpg,tire
01rw81Qbopmz7L5.jpg,spring fish trap
6AjXtR682VF5L3a.jpg,spring fish trap
YYo2J3HqMrKON1N.jpg,wood
hwHLpA7uJh9Wroi.jpg,circular fish trap
0YReCRjcOZaefta.jpg,rectangular fish trap
KthZ2y7oE1kvhGk.jpg,wood
ROUsGMLK8YRCjwo.jpg,spring fish trap
9V34lDvntzwbrSx.jpg,tire
Gla6tObYSQyvXGw.jpg,wood
UzJDFsZ35e0JMNU.jpg,eel fish trap
G9xKjlP9y6GwwoP.jpg,spring fish trap
jJvtgnnFYoZJbVt.jpg,circular fish trap
VwvxEI0Bt95PrTp.jpg,fish net
5wZVDQ9pvw4QAng.jpg,bundle of ropes
BlLEDrbziBbD1N0.jpg,rope
IYNJOnNjCZwKXNE.jpg,wood
G266c0Z7JXOJwXE.jpg,spring fish trap
0bNc6cn0PkO9Opw.jpg,spring fish trap
Wu5OPk6O5xMeJuO.jpg,wood
BmCNkvIFlpXEoha.jpg,eel fish trap
KW38VPTeGQ73pVn.jpg,rope
NkmHd9CbrN8dZ8l.jpg,tire
UyZbuIPlTWpobwW.jpg,tire
JBmYargU3gerHWE.jpg,tire
O3UPqgzWIMUdRdk.jpg,tire
K97tea1ee9mNfZk.jpg,tire
SXT5JTkqpmD0NQJ.jpg,bundle of ropes
fESmWpi61A00Pbz.jpg,spring fish trap
735v9sJamsK1jXf.jpg,spring fish trap
nc4YIFJBgWZYKGR.jpg,wood
1YXzVaHb2odE8y1.jpg,tire
SpEesAfpLokko8c.jpg,tire
FuzKH9ODxndALna.jpg,fish net
mTUTfnJ5y9HTbXt.jpg,tire
N2jCNTy3YqaA9eK.jpg,circular fish trap
QwwEyZ33QtAA2W0.jpg,eel fish trap
hUdmLVcjd5p0avJ.jpg,wood
HrxuUCLZsDF4QUw.jpg,rectangular fish trap
U1l1KqVYt8wUfjC.jpg,wood
3fAqvCSpXCSrikt.jpg,wood
FuAf5AyRwZwIimx.jpg,fish net
b1fKy5ILfo3RZ7G.jpg,spring fish trap
VThyyYEa7qlniyD.jpg,bundle of ropes
AoHZiJZY6YsgiZ2.jpg,wood
YHFKhlOIHxPz8sy.jpg,circular fish trap
6MFK43mgBRApVfI.jpg,eel fish trap
UVwlQF4IAP7BOpe.jpg,tire
cvVDlLu3Ao54bNw.jpg,wood
oMe0f2tdnLXGpd8.jpg,wood
BH2o9oji2NQR4Ib.jpg,fish net
GCKD2bd5JAy9fXL.jpg,wood
EMW5CncM4L2b11H.jpg,wood
BVks3AKF6rPWGkP.jpg,spring fish trap
0WOqI9e0koR9YQ4.jpg,circular fish trap
1zTrBttRiHVnOH6.jpg,wood
7ltdeGhDqNpBTlE.jpg,tire
lVeT3TOkyPVzQDZ.jpg,circular fish trap
Yeok6Pz72toehfD.jpg,wood
EpTIQA5w2YulEvB.jpg,tire
k2fDPOu45bPCrK9.jpg,tire
YLm9kKTgOJ4g69m.jpg,spring fish trap
gLbMcaj3DISI4PL.jpg,fish net
nW4hPslbVC4mNfU.jpg,circular fish trap
ixsxsl4N42Py71x.jpg,tire
ftjmlQCsAbaMIAM.jpg,wood
QtDPRI7cNli2L07.jpg,rope
dLdtHjK2sORnWK2.jpg,wood
X0uQDUVyt7uEY1o.jpg,spring fish trap
7Uq8FKdeFhTgBaV.jpg,wood
ZcqE0MByJKaTrl5.jpg,wood
12D0HOkZJ2jAfYB.jpg,bundle of ropes
FEMZEgZVqoXHd0b.jpg,circular fish trap
SI0wOhpjPTbI8Wj.jpg,tire
UbhRFA16DZSvf4P.jpg,wood
nQSeegW04eATfXl.jpg,wood
98xVk5d23kpcJer.jpg,bundle of ropes
8oBmd4RBC41jaxO.jpg,circular fish trap
IlLwP6LuvWUeARK.jpg,circular fish trap
NqldBqclVX7mO1t.jpg,fish net
YnJE5aoT1HhlrcH.jpg,bundle of ropes
4iWnE1pmIU60q1d.jpg,tire
1IClmLu8lvWGMt4.jpg,fish net
W2oxhbSpddDinyq.jpg,circular fish trap
Ivjea2uU2q8ZzIF.jpg,eel fish trap
7RHp2BwMXYvIjpc.jpg,rectangular fish trap
hcv6U8VUNmvcbDO.jpg,wood
n6V1iFnImDJTqx6.jpg,bundle of ropes
gJXMmGXjUo5u4zr.jpg,circular fish trap
2iTUktkCh1K5YLf.jpg,wood
DAiCHQM39ZxeNhS.jpg,bundle of ropes
SEIk1RT1B3TkHJE.jpg,bundle of ropes
FSIArRSANZ4ifOG.jpg,circular fish trap
P3nZHL4QYehz1kE.jpg,fish net
R9XAWlJft3NycNs.jpg,tire
U273oenaCSO8rGz.jpg,wood
YtmjOJxdBaZ7oob.jpg,wood
9uqQ5zsEuQDR2UK.jpg,circular fish trap
OEw5lcscN95WlxQ.jpg,wood
LWCIXZTpshHYieF.jpg,wood
Cxn9NelorgavTQv.jpg,circular fish trap
DXgsi0q8TkLWDhW.jpg,tire
Fip2EjGsTr1gvAc.jpg,wood
NWhGSJiWUO6sz4u.jpg,tire
NpBK4TaWqtOkXUR.jpg,spring fish trap
FNpRXKa7vWYPAfo.jpg,spring fish trap
kf2sCy7BiYE2gup.jpg,tire
gP2IjFgtQvdjRc3.jpg,wood
mrHuYwPO9INxmCw.jpg,fish net
blZcKsfRPbD17Zo.jpg,rope
l9RE2m4ymDRqjmQ.jpg,tire
SCYIhpLOZm4NCjK.jpg,bundle of ropes
3Hd0CNWNNtIFlAr.jpg,tire
2O7XoAJgrpPa1lp.jpg,tire
AT9qoNE6Vp73hYr.jpg,spring fish trap
7cyp7xO034wVKDC.jpg,bundle of ropes
b81Q118i7i7KbA4.jpg,rope
FpDttuG1J7WWY6m.jpg,wood
dghPU1k9SBZ3Pkj.jpg,bundle of ropes
Mf1xACwo7lXfLr3.jpg,eel fish trap
dcnNrLup9eWkgSb.jpg,tire
hwt6lQYXuYeP7XD.jpg,circular fish trap
Fm17r8VTvf5DcGw.jpg,wood
irItsa6UT3qnXX9.jpg,fish net
b40bYE8ypILpgWd.jpg,tire
np5RDQN4BFBUw1a.jpg,tire
OPoWxiMzethcH9M.jpg,wood
El79Q0X9521F6J7.jpg,tire
91AF415iU12rA2w.jpg,spring fish trap
fckwx2u3jYkEmIH.jpg,tire
KSfusTm0U2lKPN0.jpg,rope
VRlm6xBtLDul227.jpg,spring fish trap
PAc408UBPYEpRNQ.jpg,spring fish trap
2ct0Oxnr407Z0fn.jpg,bundle of ropes
MGj5VkJTC4Ap8rY.jpg,tire
mwQOkrWcpsW9dRV.jpg,wood
5HEIUv63wthKFHI.jpg,circular fish trap
SsLREXEyIfA0ced.jpg,fish net
QySkZqTYf93cRag.jpg,wood
MMQhRHmqQEKRcAc.jpg,bundle of ropes
MU8kQY4aDjZYA26.jpg,tire
8SEc1OASoBl9rIQ.jpg,spring fish trap
iPGzp2Y2Wg7GPkx.jpg,tire
i9ESrhX5kMtG2If.jpg,circular fish trap
hcahAqF3kuXMNtF.jpg,wood
QchnNbdpOpmx2fM.jpg,circular fish trap
j0bbBU3ctHb2mJu.jpg,tire
mzJqm9ocy8Pvhzx.jpg,spring fish trap
Hrq0lMwobidvih2.jpg,tire
gCAun9f8hDmGLIV.jpg,wood
aH0NDP6vrByyBFm.jpg,spring fish trap
A3zgUvSszKIuYhs.jpg,tire
RNqSLhF51EXg739.jpg,eel fish trap
D8TtfUie3FX13oo.jpg,tire
LYLs22gIKedUCRY.jpg,wood
Efo71VhWiaPYuY8.jpg,tire
Pu3W3Rm4KrSPvps.jpg,tire
JDyUdCZxhRiXU81.jpg,rope
5O8o3TJAQPJJScY.jpg,spring fish trap
4VpSnE3dsZYQg7s.jpg,rope
bBsXVXFnFTDRnEK.jpg,wood
aV0t50QjWurVHIA.jpg,tire
TvwDA973vMqYiOZ.jpg,wood
IPaF7NOH2KEM2ut.jpg,wood
Zs6z2ByqBR6kFfJ.jpg,bundle of ropes
FX3HxvHeWRJPr4Q.jpg,spring fish trap
YF5TvoSfAsG55dC.jpg,rectangular fish trap
GxWaTRcP6tIiQOW.jpg,spring fish trap
Pw4ybtpxyBCGVhV.jpg,fish net
Ekx5jDwx5oNq0ll.jpg,wood
T18WayzJjaRzevv.jpg,spring fish trap
BJfOJ8XOdWHMBfF.jpg,bundle of ropes
nagrGgAhnQB4qlb.jpg,wood
Sdwfemy0q0BGz22.jpg,wood
F3tGV7f9EpYTftL.jpg,rope
RNvpxInDRsgKl7r.jpg,circular fish trap
kYpqswNbYzLtROi.jpg,tire
oRitmxTBq0V6rox.jpg,circular fish trap
UPaGoWDTfPWMze2.jpg,wood
EEmiQJ1haYAJ6yr.jpg,spring fish trap
2y1bqIjHh3JRtho.jpg,rectangular fish trap
npKHCW3IlK6EEHj.jpg,tire
ULQbHmEyg21YSwt.jpg,spring fish trap
QQUzBxZoTHRdSLO.jpg,circular fish trap
TlCQSNPnOo43hF9.jpg,tire
51SUG10OmPKJ37A.jpg,wood
BK1co1KySK1j5LI.jpg,wood
RU6uk1y5hv4spwY.jpg,circular fish trap
8qkiuOgg8VZ4vSt.jpg,wood
cqHERn9yNJ6szhs.jpg,spring fish trap
JShclocTeR9AQXs.jpg,bundle of ropes
nKa3hNOrdEtmyPy.jpg,tire
Lm9dxQ5FXvxHgKh.jpg,eel fish trap
nZCr1u49ZGtR5N6.jpg,wood
5iDCd73r2uOUeeT.jpg,rope
KIeGcXdSQ8fKA1K.jpg,wood
FWlNo4OElFNyFib.jpg,tire
IkLOTiD6KvTwSdw.jpg,tire
J6RLS3cobUHAP5y.jpg,wood
eKwbY2hbSKqTHU6.jpg,wood
UwnYiDisrPBLUwc.jpg,fish net
60MqoxVIJ9ELAtY.jpg,fish net
VIrucybfZyi9Oh3.jpg,circular fish trap
BFMYnNrO1GtDapl.jpg,tire
0O6KfhAmPmXYk6p.jpg,wood
LafgpsCfOCIaKd0.jpg,bundle of ropes
86PckNxXhtON2AF.jpg,wood
4vnUcjGphBrbGRn.jpg,tire
TBVP9zkU84PjKQG.jpg,circular fish trap
Aqe2xSHqhmGEv1S.jpg,wood
JEdOTiBOYw5vuQB.jpg,fish net
IWmmoqZcRLzvDjL.jpg,bundle of ropes
XVdOpV0VSMh0lmM.jpg,tire
1zdqGzYKfGhDc6t.jpg,tire
9GV1DBIhmdE2P5S.jpg,wood
aVcMO4EMfYP6aOP.jpg,bundle of ropes
ZLDwBdv811Bpqu0.jpg,wood
6LvghTM14UhIAWV.jpg,fish net
KknpGC0VXsRRqcP.jpg,spring fish trap
YL9r1vOYDXCqHBi.jpg,bundle of ropes
YNDcXSuIv25aZQ7.jpg,spring fish trap
KM1Sk5GuYBPGpy8.jpg,wood
OS68H6oiEjdt5gv.jpg,wood
O1myfAKFA7Oi5qp.jpg,wood
2bQcCegyZal1mJr.jpg,bundle of ropes
4g6rdGuvdPca51R.jpg,spring fish trap
nOsi7xeThqxxnnn.jpg,tire
csFbxqkqBFVl3TO.jpg,bundle of ropes
gWneeUFFrx2X0AH.jpg,spring fish trap
GRLjWg34pIr5N5g.jpg,tire
9kjqxL1an6UuqIK.jpg,circular fish trap
ahRtM4tYkDIpthq.jpg,wood
RuQdBJAR2nn4oeW.jpg,tire
FhXpsIYlk447qkw.jpg,circular fish trap
6RQwFIhNn2xePYw.jpg,tire
WtreXo1IgA4JjvI.jpg,tire
IkxzzqRXRAClEmX.jpg,bundle of ropes
OF84MFb2nmEXC3E.jpg,tire
Hss5NhdWi3jLmXx.jpg,other objects
At2LvTwxeWpSaxh.jpg,wood
Me3MLdf2kxTPI8U.jpg,wood
jP7BKLS6tKIBYvw.jpg,spring fish trap
bhobbnzhAWzx1iQ.jpg,wood
OSc9c0gCFOUQNbN.jpg,wood
kzEzpBTdDMQXm8f.jpg,wood
akNoysbnJSKPedP.jpg,tire
koMqiQfATMUOIBU.jpg,spring fish trap
OdSuP0o5ULs5HQ9.jpg,wood
itQSLVcnITYoCM8.jpg,fish net
Is2AN9gCX8Jx8Qz.jpg,spring fish trap
Z5ForXU9cEBBi69.jpg,wood
AB4y3JeEF2mZwTT.jpg,wood
hCD8itCWFpI4qAe.jpg,spring fish trap
2LKTasggMbaSpid.jpg,wood
Fy1kyYIpgWcMRDd.jpg,rope
czE7uB3usa2QNuN.jpg,wood
ec04SaN5P7tZMcr.jpg,wood
dTfUstnRZGxXUCd.jpg,spring fish trap
18EY7PbM5gbtpWv.jpg,tire
RdPqXocxl8XdBbK.jpg,wood
SouFlmKRgezctXA.jpg,spring fish trap
91fxfpojSN6RBAv.jpg,tire
IqUBdMzhoMsGNzD.jpg,rope
D7L3Mm5TREJ9NqY.jpg,tire
W3b7MhsFyvfNK5F.jpg,bundle of ropes
dNEw5OeuJgOOMaG.jpg,circular fish trap
4yxm1n2tt4euPl3.jpg,bundle of ropes
40eLTS9WQ15xiZd.jpg,tire
kJYgBmfqMvedjYF.jpg,wood
mlMF155aDqjqiPs.jpg,circular fish trap
KGPKqnmWa5p2hBi.jpg,tire
Ux27uO6XXcCjox1.jpg,wood
Y4M5lSkFxAqzfIX.jpg,bundle of ropes
hErha6xfDbQ1jss.jpg,rope
GfRMVBXXOGOImW7.jpg,wood
c03EwNTUD9jlT3P.jpg,tire
ZsYd8BFWMi9kOJX.jpg,tire
ijUJd9H1Lbh3g6p.jpg,wood
Sfp9mDE5mVYB4wX.jpg,spring fish trap
7zeyuFYprryZPAV.jpg,rope
7hD8oiFCCdNCK4w.jpg,spring fish trap
9GT8cyyY1KxjSq7.jpg,wood
8FxBqm2QpCJ0kWd.jpg,wood
BH6UHK2kqbozRaA.jpg,circular fish trap
nbxPT0SKBs5IdC5.jpg,tire
gfrsHmxpmcUwvuk.jpg,bundle of ropes
lE8jbFL6Sy4pwCG.jpg,rectangular fish trap
a0fZ3JKCAcCxTyB.jpg,bundle of ropes
X5R1d6FSbRtO5EH.jpg,wood
DKvVkRly9EJStPo.jpg,circular fish trap
SZ1Dzk9RR5JcKAK.jpg,tire
JbIHle8VzKLIioE.jpg,tire
7XkGRjWpu0IcTOM.jpg,circular fish trap
dJLi9wcL5iC4TQa.jpg,wood
d260aLCqKRg3Oc1.jpg,spring fish trap
hzaSJtSTjLBOtI3.jpg,wood
4l1QTwzhYYBr5ME.jpg,wood
JLS6sNKkLOXyjNJ.jpg,circular fish trap
R3zZK3eqpdwzE0g.jpg,wood
JnWdazjCuTIen8j.jpg,rope
MIW43x7xOzizzaP.jpg,circular fish trap
WDewEcOh7obqOaZ.jpg,tire
8isKsEmEoO6QzjJ.jpg,wood
i3gxf7YpwurKZIO.jpg,eel fish trap
0CnRNcVbZ6rGzRW.jpg,spring fish trap
geBf6ET0OMCXSvV.jpg,wood
bUtyY5eiDwUvAqh.jpg,bundle of ropes
UhfqwBHSP9yzncn.jpg,eel fish trap
9N6AmmMM1TsHH1l.jpg,tire
gqihRpUHOZmq4nQ.jpg,rope
oAVl63utg1wHhcO.jpg,circular fish trap
SLYuQKN7vD8ZOZC.jpg,fish net
czSKmxybCyw83Ef.jpg,tire
RVMXCMlTuWQ2vRV.jpg,spring fish trap
6x4HGhck0QKmc0m.jpg,fish net
9Hz1sPLMDtLCF9R.jpg,wood
7j8bUTarBPQZBqA.jpg,circular fish trap
Ux30PpzCI8kzCN4.jpg,circular fish trap
ghKn8DvbaTibZbL.jpg,fish net
4738yvEII9r1fuw.jpg,tire
NgqFcVcES7o5nAl.jpg,fish net
2tgiQ2L7Mnu7Lac.jpg,spring fish trap
gs9dWJNbgOzAgRM.jpg,bundle of ropes
hHkifVNwHE1HJRI.jpg,tire
gcrWFI0Tnbd0mRn.jpg,tire
iGrPCKj2zEL2Vns.jpg,bundle of ropes
UVujukwKbtKXXYX.jpg,eel fish trap
bZLPBXPBEZoYVaO.jpg,circular fish trap
IhlT5iq6kRGNDSS.jpg,tire
GvqQGOriEwkvWaj.jpg,circular fish trap
ZObe37Spss4yxGK.jpg,fish net
GnhIBxpAKMhdnzy.jpg,wood
POXNFGxWXIyaf3n.jpg,wood
EDozCB9pZUoSd2H.jpg,tire
HjuQ99aNTanaG94.jpg,tire
LvKllsgnh865MSr.jpg,fish net
HZXWsp0p2BgFTBS.jpg,tire
XDpbel0gJoGmitx.jpg,spring fish trap
metR5cG1TkwsdQb.jpg,spring fish trap
NeLukk5DRsNvSCj.jpg,circular fish trap
nobxHIp4wUz4Wkk.jpg,wood
QvK84D60IFNe5Kb.jpg,bundle of ropes
N69DUHJ0Nu43tpf.jpg,wood
HkfN58uZ1eaaUWS.jpg,circular fish trap
oT6LR1IhnNK4VEj.jpg,wood
Ou7R38BguHEUYEe.jpg,wood
QEfxtdUfL2VbOz7.jpg,wood
GaXDDRaI2CgtF6N.jpg,tire
kFL8gjAYknvRpu8.jpg,spring fish trap
eY9ME9KEfPxaeft.jpg,wood
0kyHQufpuZ1ioz3.jpg,wood
8OeQmT3FJvdEOGF.jpg,circular fish trap
c9dVpeCBftL8JmH.jpg,wood
Ue3WIxIuOu8whRM.jpg,tire
WZF6IwlqRDdH1uy.jpg,tire
kjWsHDkVkz5w4il.jpg,circular fish trap
6ZUD6L7GDaJvcI1.jpg,circular fish trap
QhnqlF6toCYEgCE.jpg,spring fish trap
5qv7LCO5vt1WGfv.jpg,tire
nbYq5DWdS3tdy1h.jpg,tire
jS04Oy3E1I6Vqu1.jpg,wood
E6CIgcTV9B3Necz.jpg,circular fish trap
QOMhZN1fsFaaGy8.jpg,tire
3S5v6XoOnUtuOCn.jpg,wood
8xTYgiRLVoARmCM.jpg,tire
kJNyCWnSw9h2w7Z.jpg,tire
ATdTwzsRxj2RVUH.jpg,circular fish trap
VgagKN4b8D2T95v.jpg,wood
8EBBgw9VyNdVf8N.jpg,wood
PYWHLVZ98JnFKqM.jpg,circular fish trap
f7d9kQS1fj7VjsF.jpg,wood
aERwmfoOp7Vn9Il.jpg,circular fish trap
UW9ZBWLettrNqCd.jpg,wood
n720r2wmWfhZP54.jpg,tire
Ozyfh0mitSoHolv.jpg,fish net
2mADPLlFNJliUtK.jpg,bundle of ropes
DPFFAXum8hwfAf9.jpg,tire
U2Y50BsvL0QXtkB.jpg,wood
jPqHnxFJkLHXf04.jpg,tire
n2s11EglVy4vdaC.jpg,rope
Fxq4HYa8gzZFyvH.jpg,wood
8qdOBG6bUTfYIzv.jpg,fish net
KpSH1l6LCFFd5Ft.jpg,tire
fMPZ74HK1N6Xucm.jpg,tire
Oavi0j1zRd0esho.jpg,wood
CC1AyofWkn6zlYF.jpg,fish net
HihyY75FoSpwp79.jpg,circular fish trap
ALpNYNvw1evmuJc.jpg,rope
ikjyk3cGBs0Ge2R.jpg,wood
Cz7ZjYFiMUNnwE2.jpg,tire
FTT9VEOMcV13DpK.jpg,wood
eniZ1dXeQi9ezzn.jpg,spring fish trap
Vbn25GOYWdKBlCl.jpg,wood
SSdoLJ1Wi5X4cXv.jpg,fish net
NPnV7lyNQpvxdVd.jpg,spring fish trap
Bi3FDbrUBcAXuRt.jpg,eel fish trap
860hCMZfLshv4Ot.jpg,eel fish trap
TIQRdMpusKfK9jp.jpg,bundle of ropes
k8usiWAQmHDj9VA.jpg,wood
BddYbCFhp3m9ksb.jpg,spring fish trap
dUfwiwPBSv7F0fh.jpg,rope
kE3Im6o98Cvcp6P.jpg,tire
38Yk5VfeFfC3CPD.jpg,wood
erI6CTUxsGjtixn.jpg,rope
Fn1B6ZJ4msNuKc1.jpg,circular fish trap
F6UKswyEeu7cVbb.jpg,tire
mvGACcYipoLGIhD.jpg,wood
lmqsJC9HqJj0Tv6.jpg,fish net
iYjlLJ6qrSn6nR8.jpg,circular fish trap
BofCGJEyU0Nbzoj.jpg,wood
8AtoFVSlMAjROz2.jpg,spring fish trap
NBmZGCbLINQv8dD.jpg,fish net
HrhUQMfiXw0c505.jpg,fish net
VflhYUFbvpe6XeZ.jpg,spring fish trap
BmqNXc7nKsZsgf0.jpg,bundle of ropes
6vyWpEyaryrl4tx.jpg,tire
keXB4YxvIyzpSow.jpg,tire
lQUhFAq0cVKIrrQ.jpg,wood
bILyRw2hH7R4sZ7.jpg,tire
M2GKjH3pu6dnHu3.jpg,spring fish trap
hv2lTSvydfFTOoM.jpg,tire
iDkpPWOxGlR1VP5.jpg,tire
ixzvv4DsA1iM6Pg.jpg,wood
h9juoUeO1shsOGk.jpg,bundle of ropes
QH6lUZOUHc3bopT.jpg,other objects
PWRfniQ6YGXK6PG.jpg,wood
gYeNAC58EZ74Jtb.jpg,wood
ZymWs1fuDjvngSr.jpg,spring fish trap
KDrCnN7pUvtuEVN.jpg,fish net
ALRXylmWegPIFuD.jpg,bundle of ropes
0HVYr0YG7p86ul9.jpg,bundle of ropes
HPJz1tCxKFhIBro.jpg,wood
Ta7HJEdP0Z1Fp9S.jpg,tire
fhysDXMTo29P73F.jpg,bundle of ropes
HjSTl30vPDfgazX.jpg,circular fish trap
cGaY5XJqP7SmyC4.jpg,spring fish trap
m3lAnPHyjzyfWHo.jpg,wood
eGCcKSnyO3StITR.jpg,tire
bCijpOM8OVeAlkc.jpg,tire
fCLHzMCofIZfJ2a.jpg,circular fish trap
7HKFVLaodMzcxx6.jpg,tire
g3opktI41L1Uox2.jpg,wood
bs5C12UkBBgkAMx.jpg,tire
DOzIPj7ghIbw1hv.jpg,wood
ko1GziltXidEZ4P.jpg,wood
cuFXaugE8F0il85.jpg,circular fish trap
MJeuF6uy71h9n6F.jpg,tire
lIX1MNUga5dJmV6.jpg,circular fish trap
BVIpRU0Xc3amxN0.jpg,rope
2MrLUhb11C9fCwJ.jpg,rope
XLGLgJBBAz4p0rl.jpg,fish net
736cR9M9lgCQxUN.jpg,tire
0KlYbmr2Gc9jyn4.jpg,tire
5eONOb4O0XKqhSZ.jpg,rope
WvSF9JYYWJL1KlP.jpg,tire
1BgJiDzHYmkMAOb.jpg,wood
7insikE7ismXk6L.jpg,tire
oSLYXUXfCF9XKfN.jpg,tire
eVNPRnl3eAVRVld.jpg,tire
W6iYFlcK6QThDtf.jpg,spring fish trap
lOqji1dC3wbrroq.jpg,circular fish trap
TLoaquiLoWtp02D.jpg,wood
6ERlcxK5bznPqe0.jpg,tire
YG1oUWHvzlA3GyV.jpg,fish net
ObacsmX50iC9kIP.jpg,bundle of ropes
UbDzhlHH51AiDE8.jpg,tire
Mi5ZXfQ2neMrsUt.jpg,wood
UYsACnZ58Zutcs4.jpg,circular fish trap
daSpRU8hfMSRXci.jpg,wood
ZEIEMmRzI1s9xmP.jpg,eel fish trap
Gvxc41YgtCRBD83.jpg,spring fish trap
IHImNT4MEI8AatU.jpg,eel fish trap
jh9kGqMtZSiV0qH.jpg,wood
EnbCaXSApMcNqyR.jpg,wood
OdemKtn7oTLY9g8.jpg,tire
NNuJ1bgdCWgGmns.jpg,tire
GFnsfHcmiCe8wzD.jpg,wood
WkAwn2c1LJdjKup.jpg,spring fish trap
gpsEXeor4xpF5JT.jpg,tire
mHG2vz5WwXUa1w2.jpg,eel fish trap
URpPFLyeiY7cmez.jpg,bundle of ropes
3JrdVaqnmVOTwGu.jpg,tire
oERbWaXIfu7aS0m.jpg,wood
4VSHUIQNt69IQTq.jpg,wood
JFfcXqpXgux7xgS.jpg,spring fish trap
R9y7h1ZLk98piei.jpg,tire
MsuUZCXxGqI1nDa.jpg,rope
VIbROvdygIkqp49.jpg,tire
LFPltHcmsrd0SWj.jpg,wood
IEXmFbWDiw3agj0.jpg,wood
KVmounWYCK1xra3.jpg,bundle of ropes
o62h1t5OXAuqmJs.jpg,tire
VaMGHTDNZmoFHP7.jpg,wood
W8XCpx9QjvhI61o.jpg,wood
b9gaK8gu5RqDBEL.jpg,wood
4H7lR8B2vo1ZR5c.jpg,wood
2mqdSRgG2n68Hpd.jpg,tire
avbYiepuAkXWxJn.jpg,tire
Cb3hJ6SyZt4LMvl.jpg,tire
V8hzaMQEPWWEN9J.jpg,circular fish trap
TONJb1jzVscJcRg.jpg,tire
IHCF6XQUtxrBUQg.jpg,wood
RHblRHFBNkIFN0G.jpg,bundle of ropes
6NaHKcENPDHfikP.jpg,eel fish trap
P0Uhy0xxHCWTN4j.jpg,spring fish trap
oNqiumLIGqt8YZy.jpg,tire
BAbx1yEcsn5P9al.jpg,wood
NeU6d0Ba4nkOSXe.jpg,fish net
h1IPnUN6dPrlT5G.jpg,rope
kAbIhIz0C3LbeOU.jpg,tire
7YXdrdParKZm7be.jpg,fish net
VO2iWJR3CCoj5BZ.jpg,tire
T3130FVSEedCqIW.jpg,fish net
NWNPs8fG81bcrvW.jpg,other objects
BNcMBrawfbQarV6.jpg,wood
VDMi6pmUBvQL8BM.jpg,fish net
6E8drDwJtXIx5LY.jpg,bundle of ropes
4G60kmxzlwALTpo.jpg,eel fish trap
MPysRouW25OLcsT.jpg,wood
lob5TAI20RENtxK.jpg,rectangular fish trap
TvH0t3JFMj34x04.jpg,circular fish trap
AjKYt2EIwydR3yN.jpg,wood
MUYv7Qr2BfIuB7M.jpg,wood
8s0S8f4bA5cTacP.jpg,fish net
6FKH16SzLA1xkpM.jpg,rope
7lpOe4lNcSj0jKM.jpg,tire
hYMISswFm1tZ2U2.jpg,tire
DjLq6xrrW9j6uNq.jpg,spring fish trap
jlZWFopE5uBffve.jpg,bundle of ropes
HJB9smoPoeQy7jp.jpg,spring fish trap
NLlDLPLxbWowM4A.jpg,circular fish trap
PDNiztCCgF51FcA.jpg,wood
ctEWl3ZdW2TENTp.jpg,tire
NlpjTtbDnLhQzFa.jpg,wood
Y8j73Carv0UhNus.jpg,tire
OiYngefv5vLpfqA.jpg,circular fish trap
3B6x69u5e1EXwyP.jpg,circular fish trap
YRtbOrsJHh5BBXJ.jpg,circular fish trap
NlxdDrQPzvVl4fq.jpg,bundle of ropes
AJZStSt38CAIDsm.jpg,circular fish trap
WBVozo6Q27UJrt8.jpg,rope
3ICfSChlRe5gvFi.jpg,eel fish trap
S7xDDATHKOdCLtf.jpg,tire
V8FOPDwzmXSVvhl.jpg,wood
ib6pmPFzQX4uhFL.jpg,circular fish trap
KuEVRRynGcDgFPH.jpg,bundle of ropes
csnFR3jkNkuMu4C.jpg,wood
I7Mv1GALXQcyRcE.jpg,wood
2d485IRIUdeXDWc.jpg,rectangular fish trap
hTnXxOIUSftjjjH.jpg,fish net
OqfwXsJbExS0UwM.jpg,spring fish trap
mzdn4WTCN0p17Gx.jpg,bundle of ropes
dF4UTfc4gPAeAPQ.jpg,tire
2MoP7KupicnJGOZ.jpg,bundle of ropes
QGWgFEiExCiw7QT.jpg,tire
Px0ssBH08fI2cky.jpg,rectangular fish trap
EObKKv1WqgIlxCp.jpg,wood
gYIskZY3qy19Wg2.jpg,circular fish trap
MoLEmea88X6IqI2.jpg,fish net
APklStf3HTPVO2d.jpg,wood
GM3zvMLIRwm93eH.jpg,circular fish trap
K8cuTw7vlFUVXnL.jpg,tire
1zTlDmlVndAePOm.jpg,wood
MOdJ7IoJp8Btidi.jpg,spring fish trap
4pFgx4AXNiuO7bk.jpg,tire
BWlFXtsXnalRCmb.jpg,wood
7OFYeVBHhIGt8MZ.jpg,tire
MLENfaGucTofzQB.jpg,spring fish trap
nSjLiSZKSpXCCJT.jpg,wood
aoTWPQgv2JDYz99.jpg,wood
6co5VM3nEUFcOKZ.jpg,spring fish trap
0q2s11uOMbEbqkk.jpg,circular fish trap
YwhTNltZdkmP8fJ.jpg,wood
TMczdWmDTl2RkT3.jpg,wood
cdqyYxR6j7hNmlZ.jpg,tire
LCAArPy57tp1pWh.jpg,eel fish trap
fbgbexisEjUzhjz.jpg,wood
MnfB8ZAjRAZWwBi.jpg,spring fish trap
63FOJgZOlXOz690.jpg,fish net
guvyrY7vNRAX6ov.jpg,spring fish trap
mgJftUUAzfyGrtG.jpg,circular fish trap
29iBRRv0vh0NMtA.jpg,bundle of ropes
UdbTRCG8eCq4XI7.jpg,circular fish trap
IMIysPMEeafgHFe.jpg,circular fish trap
PaHcfmBmt7dmqrj.jpg,spring fish trap
dnLD7qupeF4j2jY.jpg,fish net
i1ZBnGOgrMiElMi.jpg,fish net
9QDDtGP7HURVtTJ.jpg,wood
9FGYIV2H4b5qOjh.jpg,tire
HZ2i6KpBuuRFQZi.jpg,wood
Lmg5qhgthqpE23r.jpg,spring fish trap
bIUErP0SjopagwJ.jpg,wood
lYb9ofiGxRgKS7N.jpg,spring fish trap
fqGQFB5gBgHVK5T.jpg,wood
4NGDWtXqmlE8Gqk.jpg,wood
drVC0kfeoN0lEz2.jpg,tire
Q3tUsDgEMNhZn6y.jpg,rope
H924WGGlWzKJBHe.jpg,tire
fEGTkDaci9JlACD.jpg,tire
8usoZPm2T5DoE04.jpg,wood
QMve8Fff143bfzu.jpg,fish net
MTSnANYXW3J7OXJ.jpg,spring fish trap
I1hO4UgaXSCQzCN.jpg,other objects
N0orTZv76wb4JUy.jpg,tire
X6kAsoiPaHlcW7X.jpg,wood
MSZiK0CnP6iOIKd.jpg,wood
ZPpK5xEF9lfoMXL.jpg,tire
AFWVvMOv0pvR4iT.jpg,eel fish trap
KlnAwW3WYlClt5n.jpg,rope
ER8mt53OIZhheKb.jpg,tire
RU5gjC17h8dmO2f.jpg,tire
VQXSOu4x6l3UxLS.jpg,rectangular fish trap
J3DtNOwfTRjSAtL.jpg,tire
4ELjrCBrdm1akUK.jpg,wood
jqzxFcosH3KWhX1.jpg,tire
dEprnhK8Gsfbudl.jpg,circular fish trap
GR5W8OuZdC9CHJj.jpg,wood
RCWCm8roQi7c2mM.jpg,fish net
KARGGnApjbzj9kd.jpg,wood
Zz3XQFCraoXoI1X.jpg,tire
6c39wpugm79ZVAn.jpg,wood
YzJuehgJpxBWAhZ.jpg,rope
XjvWsrtcOEtgfX4.jpg,tire
gb1qh5BShWqCwFw.jpg,circular fish trap
b42wiIJQAzjw5JK.jpg,wood
1jtiTRrhszfod4L.jpg,tire
Dj0CwP429W16XdT.jpg,spring fish trap
ELCVFm2YmSkFn3l.jpg,wood
AAH9vmdQAKYp0Z6.jpg,wood
3XeZywVpYUVau0U.jpg,fish net
NWl8HngXcm3O6FX.jpg,fish net
hEUVn1kZfH6NWW1.jpg,wood
AfGRum93LSh4Srj.jpg,fish net
K9331wJsHuuaAqy.jpg,wood
4rFRcRk1kvhRikN.jpg,wood
hP5EQCPOoaCTUi2.jpg,tire
OE7xpcOj86r1Tob.jpg,spring fish trap
SeF3zSHShrftL9A.jpg,spring fish trap
Gy3QH5faQR6FL23.jpg,wood
WsjtzxXmsW3x07D.jpg,bundle of ropes
MEmRTBhSLlIKTS5.jpg,fish net
0Qk6LAuMepploAz.jpg,eel fish trap
HOv0Mojs1pTq9oL.jpg,spring fish trap
nieN8HqpwYY22wI.jpg,wood
ET2zRr6QC0pjW2B.jpg,spring fish trap
QDA6WJg8oue3QCN.jpg,tire
5ZzFFHGQyKaR9Ih.jpg,tire
jI1GPRD67watFpP.jpg,circular fish trap
5DIQvdMJlRNTADQ.jpg,eel fish trap
nB7NPCBT2Yr9Yig.jpg,tire
ii3VDTapf8jFBeM.jpg,circular fish trap
2fUCzzPNuiWDpSk.jpg,wood
k3gse2S6R7i12vf.jpg,wood
MXPIvvtPbjhnlrs.jpg,spring fish trap
msWqkL6zWPesqUl.jpg,wood
8iqe9mTE7tyQJ2G.jpg,wood
FwXFVaTCgmhvGyU.jpg,wood
mDMNcMkmCYcod63.jpg,tire
jdvUrZiA0etiSgX.jpg,circular fish trap
jQMwwH8UzEPIgrG.jpg,circular fish trap
ZbJ0ySlsPRSlzUt.jpg,circular fish trap
029lUJ9fMYuUOg6.jpg,wood
8vrOZf8wvmglhss.jpg,tire
JnGtmfJ33hzTcZo.jpg,tire
3xehZKfPrAIPZxF.jpg,wood
hYnh4VA0pPnVnwI.jpg,wood
DRXwu7jxSGpoXVm.jpg,tire
h0Q0EKsc6JpCkUD.jpg,tire
gm67CT7i4RsInjd.jpg,wood
58jdvAxNyFMap8K.jpg,bundle of ropes
YMWBGEAGORHPidn.jpg,spring fish trap
CPqcBdHvtPNxv6Z.jpg,circular fish trap
hukpo5G5adbJlIp.jpg,wood
NHMGgouHk4pGd33.jpg,spring fish trap
R45IIEUt4yau10o.jpg,spring fish trap
gla0tiMjPn0q2dt.jpg,wood
dN2Vvv1obgI7eXv.jpg,tire
3tvXtwvtLI9ASg7.jpg,tire
iysPw9ZDpkfn0AL.jpg,fish net
aAGAzKdXUt7T2Tc.jpg,tire
KzZKsNXJtkxM2iF.jpg,tire
TihJjSxOpQkliSA.jpg,tire
AXT4gD3BVRZDriz.jpg,tire
nCN7Oqztl0gy7MG.jpg,wood
Og2IqownOaDoztK.jpg,rope
EE348lGjzM7kv17.jpg,eel fish trap
LpCYAxIWgX5Qtkl.jpg,spring fish trap
b4KC42H7Df5UwWT.jpg,spring fish trap
STHz0RXebHsZAXY.jpg,tire
Pi6muELnO2rLdwZ.jpg,tire
SyePl6fPZjhOhZZ.jpg,fish net
L1Hk02VYfY9Ncmr.jpg,wood
ZkQAu6MjZQoLBZi.jpg,tire
56L3Ryglw28trJh.jpg,circular fish trap
feEHGpu2oV8JU61.jpg,spring fish trap
OHRIUzn4P450kOC.jpg,tire
cpoU8DwHDqBcrfc.jpg,tire
fbDKMKTW2vBWt2Z.jpg,spring fish trap
YwnS7iqoCLl9kr9.jpg,wood
FFJsAVbqULTtgSF.jpg,wood
FCp8KKmZPLtixO8.jpg,tire
hbLx1jbFzVGHeOn.jpg,wood
5offzcLIVt8uimy.jpg,tire
9B4RP7AyhYLPvcE.jpg,spring fish trap
8KdDOEacbFyW88R.jpg,wood
br8yRPmzeOqCLYF.jpg,spring fish trap
VhpckU3hICPYzkv.jpg,eel fish trap
KoMPms4MdqghXh9.jpg,rope
4JLddGQYrIKbL6b.jpg,spring fish trap
9uQn5bvUudMh2aT.jpg,tire
PC3y6R3rZqAikcW.jpg,spring fish trap
BuRQ7gIjfqltE4w.jpg,circular fish trap
Zo7dnkZMuC3QX2o.jpg,eel fish trap
i6VsTgPKCjsl7Tl.jpg,circular fish trap
lRHh1Ia0rBIxvtS.jpg,wood
IiPUM6MvkjPs36S.jpg,circular fish trap
1RJGUkYts1cW7vO.jpg,tire
S9AvqgjeKUL5D2e.jpg,tire
QHJKq65RFcNmrFO.jpg,bundle of ropes
e6aOmLDdMAboBp4.jpg,wood
F7LYOvwgEP2gEqc.jpg,spring fish trap
SkCaPzBt3ijoMyO.jpg,eel fish trap
ZzB5NSlSSngNjwE.jpg,circular fish trap
XikEiOY2Ytzgbxe.jpg,rope
fGzmTn27tDB9OyF.jpg,spring fish trap
QZRFeGzeM08bWPX.jpg,bundle of ropes
njLz26OJD8roQgH.jpg,wood
KQee9NwvuhjQsi2.jpg,wood
ZZyPpQDIMTRjbXl.jpg,spring fish trap
VrhPT3gi3PeVCRQ.jpg,wood
18wDBeFub4XYoQr.jpg,wood
LZad3RU2dB4DolI.jpg,circular fish trap
gZIJPzvTRpW0kaG.jpg,tire
jI8Ccmo1oNg10Iy.jpg,tire
fj3gIS71wCPFm4k.jpg,tire
SWMsPVc5uEhyRUl.jpg,spring fish trap
HGQeIRfVpiAPQh6.jpg,wood
EdqvGBDfS7NZ0tn.jpg,spring fish trap
FKdEkxOwNAiDFla.jpg,eel fish trap
9QrfpYG1kimoyFJ.jpg,wood
La7gwvaBHXLh57B.jpg,tire
A8V7Q2RjdEnkzv8.jpg,fish net
kSA0QrX36YcmJGE.jpg,tire
T0YbtGe76SCAn59.jpg,tire
PhsDowXkDTB7XRF.jpg,fish net
IAp07NjtoouXBZu.jpg,wood
ftmAyakeUFSRY2b.jpg,tire
IwW0FQlWspBMwPN.jpg,wood
ijsQHH3WQ1Q6tRR.jpg,wood
CzlTEy4Qk2my74J.jpg,fish net
XvjunkoQpNMmXlk.jpg,wood
Ew1Syyo93uvpN3f.jpg,rope
jNVx4Heuz8ntz4M.jpg,wood
Z2PGkG6vTdB1aU3.jpg,wood
M720nfXzYzLqcNF.jpg,wood
JMqb7kRQ1CUsBzG.jpg,spring fish trap
ADweEkQIf9JeYlJ.jpg,wood
20QPAKefCJnkjyH.jpg,spring fish trap
O9AWmtliNfsZuyy.jpg,rope
AW2M9x5aMv8Y3An.jpg,wood
Ql23qgYd1fOU8ox.jpg,wood
1zIJLMREEBarATJ.jpg,spring fish trap
RYx4sKwb0Q1tGzF.jpg,eel fish trap
3ZtAdKnPZZeKguf.jpg,tire
oSfjBKAXWF1eFu2.jpg,wood
OysO2y2umOYhiRJ.jpg,wood
nayWdFqjaxFEemq.jpg,circular fish trap
dTZXQArgtRLigQC.jpg,circular fish trap
B9RM3wBE9BpZrXS.jpg,wood
krlXXFnTHEHCft2.jpg,tire
cbrHTghdiILZFPu.jpg,wood
4anMaRGexb4W8gR.jpg,wood
FOaRmrB4J8W41XA.jpg,wood
KTBtyykXz9NUZrv.jpg,spring fish trap
gvovjQ4tqnEqET3.jpg,spring fish trap
NjsrAEkbSAwasgW.jpg,tire
jw26LW6pB9PwfFj.jpg,tire
Tg8ykGmMLLb1rfz.jpg,tire
bNf4v7DU5zRKAQX.jpg,wood
IBcEMheCrfsNjXV.jpg,tire
mvEoyFD9XXWhr5i.jpg,spring fish trap
cm0tw5nmDPbNkQ3.jpg,wood
XGIUv3hy5y2tLc7.jpg,tire
NlQ2De3L9EnHu4U.jpg,tire
EOhHEZr8tJuIDfN.jpg,wood
guyY3VoNiMydGmI.jpg,wood
bEcexkAB0cxw453.jpg,wood
YH7QMMk1Ww6WNUu.jpg,spring fish trap
UNeQaDEbyIWWi7K.jpg,circular fish trap
Fuy4H4iI5osEzVg.jpg,bundle of ropes
GVSo6QCcc9R0s6L.jpg,spring fish trap
QfkXAqxIrIFfcIl.jpg,spring fish trap
4od5Z2YeLoqS4cu.jpg,wood
lcugJkhOMRiEzPf.jpg,tire
mOWMklU9xVJDVua.jpg,tire
2dKmGcALJZqTzr1.jpg,eel fish trap
nb5F8obq47mFo4V.jpg,circular fish trap
UDqPSFHwQdomknU.jpg,tire
HvwAjCwQdT02SZS.jpg,circular fish trap
UrnwX0KvaQTisuR.jpg,fish net
b1dyBeXAcVF4e0u.jpg,circular fish trap
23EM3XuvVyDQ8YF.jpg,tire
GL11A9XE8uRUTVO.jpg,fish net
0VIXWbGqslz8d46.jpg,wood
P7sA4cVGvxFhC7a.jpg,spring fish trap
V3F1o2qWrUm3BEV.jpg,wood
nQfPKgnnQ04kNMX.jpg,wood
PtZjqfLwBTRJYEU.jpg,wood
GaZgByIXFcqE7kS.jpg,wood
kgxdwp78X58Lr6S.jpg,rectangular fish trap
N8CDocRJNwXs9qT.jpg,spring fish trap
VtuwdyQpKzGicAC.jpg,tire
K9CNpvmapKYFtMR.jpg,tire
bJN3zCoAdABdmVB.jpg,eel fish trap
YoKZuKb5xeKId8m.jpg,tire
6K1DFxoNbmp1Peb.jpg,wood
c9cOHeSsGUbTgby.jpg,spring fish trap
0YpGJlcsKDR6nGj.jpg,fish net
g0biStNvjgtj4LL.jpg,circular fish trap
ZYN1I315roQwyDX.jpg,tire
XBRYLwSZ8den6js.jpg,wood
6Qin4S33uGnbVeB.jpg,eel fish trap
ho53hGohjWnIwQN.jpg,rope
34FW3t7TyEB1hEV.jpg,tire
CtpKbKujqSSqRL5.jpg,wood
mhtzDUGLHJAaL48.jpg,wood
NYLxKWgwxUBRjQT.jpg,spring fish trap
DeQh7k4CY6fsZ4z.jpg,tire
MdoTou2ZSWOPBaq.jpg,wood
4NUTS5VK4mH3RSC.jpg,eel fish trap
gdEaunrkxsTiYSh.jpg,bundle of ropes
K32DdtsspWa0uOw.jpg,tire
ZNCX4dqk2sBXl6l.jpg,fish net
NZ1T2sD7qjJ7X12.jpg,bundle of ropes
9igvD3JbstCQ9Bg.jpg,tire
1W1NKo9TQ6ZvK6p.jpg,spring fish trap
QvfVEh6KaelRwa4.jpg,wood
llQpHIhuYtRToBD.jpg,fish net
8liMf6ftdPYQwbe.jpg,circular fish trap
eivxiZoCaQCehUu.jpg,wood
DZ12TC55qIuVIAE.jpg,wood
58bpTic5psaHWjq.jpg,tire
YQ35gVtDuntRHFg.jpg,eel fish trap
H6qhaeHsbWH5wHo.jpg,fish net
5BcqIaKDSspVAXf.jpg,fish net
n00FYfj6PfLUSpY.jpg,tire
QBnV5yGX9ycox0K.jpg,wood
daSjw2Rstif058o.jpg,wood
BdwkjSff8HL45PC.jpg,wood
Na6XjRMdRhyIbv4.jpg,rectangular fish trap
QDSPBITupd1nx92.jpg,rope
6UNslIJtBSRWml4.jpg,bundle of ropes
Prntau0Qydbsz83.jpg,wood
Xgp2ubUIVrfj9TT.jpg,bundle of ropes
eon529wdQEoQ82o.jpg,bundle of ropes
OZZ90PaOLb2re4k.jpg,fish net
M2s75MqVQD4tndp.jpg,circular fish trap
9fjEbA5DNY1Sfez.jpg,fish net
WndcXEzVDMfOuWB.jpg,circular fish trap
nN0LtuMIMs5dkKm.jpg,tire
40RjsIqh8JFEqlE.jpg,tire
RGP2QnhyAjEosCs.jpg,wood
BSrAGYtsuZ6rqD6.jpg,tire
5j4P2YNa51bxg2q.jpg,spring fish trap
nT8qyM2HpvLapms.jpg,spring fish trap
SkHm1D082RBPB2O.jpg,tire
jIJozfa55ZWiMnZ.jpg,rope
dPG0DeV7LvFMyGg.jpg,wood
dIPQefn8z9TxV9q.jpg,circular fish trap
CNRhLsbdMDdgaxT.jpg,spring fish trap
fZzjarhguets6tp.jpg,rope
SlfcQJ3cj3ne10O.jpg,tire
WIgftK0DogZdFse.jpg,wood
XqWfHpdRtaBba4X.jpg,tire
7ObVqbswAybmSYv.jpg,tire
EfhyHEfCZbsM3q3.jpg,wood
IYDP6ijSgPE0wBX.jpg,circular fish trap
Gz3b8Rk8OpZQucd.jpg,tire
38g2Sw7EG3C5Bxa.jpg,rope
FJAhjs8XPPmdyzd.jpg,wood
BdnQZj86bu1pIcT.jpg,rectangular fish trap
jAVITUmf4JdugE2.jpg,tire
S8IjTI2cEdSaeLx.jpg,wood
k5bTnfVPMwf7KbP.jpg,circular fish trap
fhGpfdHjc25S3NN.jpg,wood
DrUE01XY625MBbp.jpg,rope
7EVp4MFWHdoOp39.jpg,wood
Sw0CiTVjnFlnsPn.jpg,wood
dENvUl1R7Ag4J7Z.jpg,spring fish trap
gAoavKkXmmL4pDm.jpg,fish net
epb2BpLd59RVtIr.jpg,circular fish trap
KtKhMTCj9MKA932.jpg,spring fish trap
47toW6MKrK1atCX.jpg,circular fish trap
IUKW0HdvkO9thiw.jpg,tire
IsMo00sxiTUGSvk.jpg,tire
gOaZSqURrjfjqiK.jpg,fish net
P2HSJ22n316qBRK.jpg,tire
gqz7FUTykByRhdo.jpg,spring fish trap
PyfilKMTX2aZnIi.jpg,circular fish trap
YWAH3cYwJ8bAFRp.jpg,tire
dFt9uGwv040u3vD.jpg,wood
gX2tXU2D7LdkIDA.jpg,circular fish trap
ZTEe9EdCBNM4fzK.jpg,tire
klt5MAllZWTmhnp.jpg,wood
Kp5mKW1hL8QkKVo.jpg,eel fish trap
U6ZhbWRfmMroGHn.jpg,wood
HyfqeOmQ9Vue8xQ.jpg,tire
0Dqa96HuVWYYH62.jpg,rope
03XsaQsHxJnBfXE.jpg,spring fish trap
1gwH9YcXhRAm4M2.jpg,spring fish trap
CNTNYEpThFdaboV.jpg,wood
aoS1ZvwyfI4Gi8N.jpg,tire
oBRB0Xp77agzSsc.jpg,tire
ZkUphsnf3rQNs59.jpg,spring fish trap
mVugenjFwEDHLah.jpg,wood
kMr8qgV3d1MkpEM.jpg,spring fish trap
jgzQ0WvanGD59wM.jpg,circular fish trap
iRqUIoOJWISqerN.jpg,eel fish trap
07fgwfqkGXFDPJ3.jpg,spring fish trap
1R5AkWwzhjRncwI.jpg,wood
WNxlxSSdtiWgEz1.jpg,circular fish trap
nT4QFIAyK2F85r0.jpg,wood
bYBG3YKPdwqTZN1.jpg,rope
DvSUIRx3auP7FVH.jpg,spring fish trap
BfGBGeStV6k82EG.jpg,tire
DthVyXSaaFOOwqw.jpg,circular fish trap
AOLiudcLGZI9RV0.jpg,rectangular fish trap
1x3GCLef4HppCsB.jpg,rectangular fish trap
lozHSRnNHRUNaMW.jpg,wood
52NQGbbdwykeCKL.jpg,wood
60c5fnlDk92q1ar.jpg,circular fish trap
PjAbeva8XlQRwjR.jpg,wood
HffA8tM4xGyYwk3.jpg,spring fish trap
a79Ub59EOZMjpqT.jpg,fish net
AYiAidnGZ1OpRDU.jpg,tire
DpKCqC4Iki3CozV.jpg,tire
a3vOHMJEltYRRMN.jpg,tire
B7F72BkEAEOq97y.jpg,wood
KZuQD72RYqyZ3Bq.jpg,bundle of ropes
1LDWGgq8wGZzGBA.jpg,tire
mfPFN0JRAUEOTmz.jpg,circular fish trap
1knXiG13MBbtns1.jpg,tire
ngJTT73Mw1CgPPF.jpg,wood
bSzrH33F3ihVyzu.jpg,wood
mplD9uxgv3ZMO6x.jpg,circular fish trap
5dA2n7z1iNI5b6g.jpg,tire
b7e2HQgvJwGgyy9.jpg,wood
P01qq8QAanukdUa.jpg,rope
buezp6qqlD9gT5Q.jpg,tire
ZGIKKc9jafoJoP4.jpg,fish net
GjfjExA7e3AbUCK.jpg,bundle of ropes
lHdEcvMZp5upS0o.jpg,spring fish trap
CBdzXFH1GyxVk6a.jpg,wood
39icrH0D8AsSCsS.jpg,tire
EDfXhFdVsej3aHh.jpg,bundle of ropes
kB6T7Yq4KUcbq5D.jpg,spring fish trap
RE0JVWu67WJTo72.jpg,tire
BmEHJb43VKUsz0e.jpg,tire
ITZQa0tjrvjgnFI.jpg,wood
1APAizkLCRImWdf.jpg,circular fish trap
4zDsyab6IhzhY4l.jpg,wood
6HzMipTCizxBc5n.jpg,circular fish trap
kxQ8eovB9AisA4C.jpg,circular fish trap
5AZ7Zmp5ty5LPlA.jpg,bundle of ropes
7nPMfSlRyWDNfy8.jpg,tire
2wjAA7ilFT5MXcy.jpg,wood
XINROoGG57UwP6B.jpg,wood
iDr6VZaUqRbFZgD.jpg,spring fish trap
aa6Z83koEumLO9u.jpg,tire
ZpWexSsEauXtWqc.jpg,tire
9z100OZ7UVyecfx.jpg,circular fish trap
DawWpMILK1k3qgZ.jpg,wood
1vSJcajIYq8tMYy.jpg,eel fish trap
ecLp8Pf6V5jKsMP.jpg,spring fish trap
AmnSRRZ6oSpFnO8.jpg,tire
Vb3qen4b1sWkpRf.jpg,fish net
lrbWldverlvIcuA.jpg,fish net
jpstynRhygIt4v6.jpg,wood
ezfgmbElRX6Tp8S.jpg,fish net
nH7YLcrHwWF90Ac.jpg,wood
UaVVnWJD9ZQ1NSU.jpg,rope
MLTZ4HCjfBO0NH3.jpg,tire
I8VU8PWIYhz33Q4.jpg,wood
ksTeBXOyGOjsfG2.jpg,wood
G7RohuK8DcZmeA6.jpg,wood
1pXmnVObuYmP3fo.jpg,circular fish trap
KFezr0ldVbZ1gyn.jpg,circular fish trap
LQJqoOyC2S0cWG1.jpg,tire
fQWiFLZAFrm42Cu.jpg,wood
cvfA5nPMJwHttiA.jpg,rectangular fish trap
N10e3ERi9za43Bi.jpg,circular fish trap
j5sMc7D7RbLgkvM.jpg,circular fish trap
aq5Cqly3XMecgoy.jpg,rectangular fish trap
4MHa6OEs2pVdYko.jpg,tire
eGEfuqNZ4Dhnf8m.jpg,tire
NWjf8wYBtIeXxZ4.jpg,wood
JpCPJU3wBkotff1.jpg,circular fish trap
8x1jZaKJa9y3rYu.jpg,spring fish trap
SNDt6cWKpzGvCuD.jpg,spring fish trap
UzjsNqW3XIGvNXn.jpg,spring fish trap
EC8yWCtc2cpZ2LN.jpg,tire
IVp9h3p2pyOfyhk.jpg,wood
ErZKIL2CH6wC4h5.jpg,eel fish trap
WK5YVsRVP1wXP8h.jpg,tire
Dlyr1cHgSG768SK.jpg,rectangular fish trap
GSvKv3LmjwYgh4E.jpg,spring fish trap
3zwAaP1kRmAjA0P.jpg,spring fish trap
arHzKr1mF3HhpEp.jpg,wood
S3tn66NfUs92QfY.jpg,tire
hvEllCVevY40FQa.jpg,spring fish trap
he58nM46xBXOrFq.jpg,wood
UEM6zuIDCWYIwZq.jpg,fish net
ZMEE1uXtrK6PA33.jpg,tire
fTM9PyqtZP1jwIB.jpg,eel fish trap
gp1ayhbChxHSSg8.jpg,tire
5M3KnfIauaeTUls.jpg,wood
9Bjuk6cN8UB7Z2h.jpg,bundle of ropes
hBYo1n6iSj2cp0a.jpg,spring fish trap
3aOMlgTryYKi4jg.jpg,rectangular fish trap
NkUNhXqRcmyIFGp.jpg,tire
hqlhulHChm9m76Y.jpg,tire
11X6uFe65yb8KLI.jpg,rope
aHQ2rC0pSk9TJ41.jpg,wood
VYE0TlNSP5D2yfl.jpg,wood
X9kOLTPvNZlZfQt.jpg,circular fish trap
K3nwrXumrSXVQuH.jpg,tire
AOFun3B79PJqUj1.jpg,wood
OwFvL5ldT1yM1wT.jpg,wood
dBeQPwnle4K97JH.jpg,circular fish trap
64pfBI2MQMD28Lv.jpg,tire
XZ3SW5r6PpDJ30Q.jpg,wood
QZEGgeMmQR1HFc2.jpg,spring fish trap
iCArskeaWE9uEVM.jpg,circular fish trap
hwotZkuU4tFFj8e.jpg,tire
AMFGd9PKaUcVSI1.jpg,wood
n2MvAx1REKLgK8K.jpg,tire
4Fp0x63H58Ner25.jpg,wood
3TiRUDCiiBQI3d9.jpg,tire
TzZNfZ9EPwWxrak.jpg,tire
lkBPvj9i5wx5zVa.jpg,circular fish trap
CEVk62aCrWsUIWv.jpg,tire
gut7CnNqua6BCdR.jpg,wood
SRn836WdOKz7r5w.jpg,spring fish trap
2lR5U0YB0mtBlZp.jpg,wood
8Wpe4Gh4gri9V4r.jpg,wood
cpVVgda9IVFygwZ.jpg,bundle of ropes
BSo7BBsxhdePlqz.jpg,circular fish trap
QvFyls8GCfkcNoj.jpg,wood
i98bfbnfFwhmzSN.jpg,tire
MlNQlWO8FaTTSRC.jpg,fish net
LwCVUAYbGq731jF.jpg,wood
KGl7BJEhElCaTGq.jpg,wood
50ZCsZy7wa0m9Jn.jpg,wood
VzfgOpJbjacd3sm.jpg,wood
FvWDsV8idzt65EL.jpg,tire
eqJhXHOY2svnVT6.jpg,fish net
AxtSXpvMg6vWULY.jpg,circular fish trap
LMfcH56f4zRINBd.jpg,wood
7kPvRiGZTuKSFE6.jpg,tire
49AGlZLnyPiqurV.jpg,rope
O5aeCKoV1KyYCwH.jpg,spring fish trap
LjxtR4fhAxAYPjw.jpg,spring fish trap
1RIrXG3OoqmNmhT.jpg,tire
WlrqdP7wftMdy2g.jpg,fish net
ZsZlDWWj7lhc91T.jpg,wood
Xp3VcAhX7Hd4H4B.jpg,eel fish trap
S1JCrmrQCj87jxv.jpg,wood
W0D72oD8JcKQnLz.jpg,wood
GMNqOkQh6K2xSEF.jpg,circular fish trap
nTvF9PmgeTpKio0.jpg,wood
9NQIYJAUaV7tWsn.jpg,tire
UJLW1VCxIReNtrA.jpg,rectangular fish trap
4LBVUUzLxZKVP7x.jpg,tire
QvN3Q8TF6Zfllvk.jpg,wood
XNwjpqHfIZU8DhC.jpg,circular fish trap
7s1d5GY7QsaUcbg.jpg,tire
1kjPXtV4J6UtnOR.jpg,tire
fHouDTYzLSux2gM.jpg,rope
3UkCRxsd9jwDCwA.jpg,tire
MH7D5qdrokqCss7.jpg,fish net
IkW9khz2OihXBdF.jpg,wood
Q0m4RFydS5t7qpU.jpg,tire
aWO6mnWb7zJ8iV6.jpg,circular fish trap
RAqhFjbZroPVKMK.jpg,fish net
GR0B3n997VHiCli.jpg,other objects
WeOlJLy1dJvKJfU.jpg,spring fish trap
h5zmzcjO8GjBg0b.jpg,tire
gne7qCoGanoFreL.jpg,other objects
eJVLyFbJrlg0FYt.jpg,tire
3xJY3wadQxh6CUg.jpg,tire
1LMK2zOnygokhzf.jpg,tire
RGjwhYILANTo2Us.jpg,tire
jzhSe2VZr7LB2XL.jpg,circular fish trap
jSDK5P8IDZPMUjM.jpg,wood
gIYOz4t7VpmQ8EM.jpg,spring fish trap
2APj3Y752dvWmwB.jpg,wood
HLLJoAit7YjYA1d.jpg,rectangular fish trap
6jgHXNAcuCFpcHD.jpg,rope
9hvmOpwpbbjvU0q.jpg,spring fish trap
khMVM8ZaicId95F.jpg,rope
9dMsE7PCieogfCQ.jpg,spring fish trap
5WEwQA1oXGu83u0.jpg,spring fish trap
OIaD8Ql7IJq56sC.jpg,circular fish trap
fZfOgiq6rbNa6Dj.jpg,tire
DIj5RQhpvwrEjBp.jpg,tire
Kygt4MIYCCsVhRQ.jpg,tire
OtW3pn8sJ6MNf4b.jpg,wood
EynEHDDE3RVcaKY.jpg,wood
80Czq5Ar7O65Zu9.jpg,wood
WivtHNP0jAmcgvK.jpg,wood
PLljSEj33ljWR1W.jpg,wood
SbnnUUzIhQHv2yC.jpg,spring fish trap
eEOKF22MamePd4c.jpg,spring fish trap
RtwYykNbw4XpkqY.jpg,tire
gRtabnTX4MYmqbw.jpg,fish net
X41ePGY6vOYLUgR.jpg,wood
jSnxQhlbr88Bt2y.jpg,tire
TnWP9WbydXpDmJW.jpg,circular fish trap
7rTOQsto6PlQ555.jpg,rope
OKItxtE9QGbyrMG.jpg,tire
OLPy5jrGPdSsu9T.jpg,wood
8gliLo2MfFAEAS1.jpg,fish net
4R4oHM4mX300hgw.jpg,tire
kKWQKdbgTZxQojm.jpg,tire
kx1U4yUA4sbovxE.jpg,circular fish trap
VibB2XKIkuqDZk4.jpg,circular fish trap
kflHxFAEfT53PHN.jpg,wood
engetvdqCd0p1P3.jpg,wood
ajQJEdpkMnBi0Jj.jpg,spring fish trap
Aep56nz6liYeszf.jpg,spring fish trap
H2svUxLT5MahPR4.jpg,fish net
0dTTU7OYj4lKZtA.jpg,tire
ZMtyDKTWzCA9ZBC.jpg,wood
AOf1zixy9aR33XC.jpg,fish net
mQMkNd6BR8L5ku6.jpg,tire
AOScjUoMnNf0LiV.jpg,tire
7cRX2Gbp6T1EP3b.jpg,circular fish trap
bhjSIgJt1Kb9nXq.jpg,tire
Z2aYjAxHYQUevYg.jpg,wood
bRpI4W99c6UfslN.jpg,rope
HSAHPECTXMKwF2c.jpg,bundle of ropes
biZN5UQPcBwGBkr.jpg,circular fish trap
VvtZCDY6QjF7M9c.jpg,circular fish trap
ElYaeor3GF61ksj.jpg,circular fish trap
2IDFvFfp2vwa1BW.jpg,tire
Qq0EWbQAQmVHznP.jpg,rope
WYBZMCX0sFpX9MO.jpg,tire
RvEUj3AYCDzJj0c.jpg,wood
9h3yQqxeJDwLMTX.jpg,tire
CTKJZMQGzUjnVWQ.jpg,tire
dj8rfuMnZAkJiX0.jpg,tire
kIN8AveUOUHS1z4.jpg,tire
f9ZetJ6X9NoOSKa.jpg,bundle of ropes
Do9sSMl8116izbg.jpg,wood
HVjMwLsIzUu7Pmz.jpg,wood
9biqg2tw0APgdSS.jpg,eel fish trap
TXGtBbHOe9oGOWh.jpg,fish net
2L8RBxxYkuRZ3SV.jpg,tire
ilxeG0U58GvfcJD.jpg,spring fish trap
VGJAR0XJhrxqMQd.jpg,tire
kLsLsuxbTBuklpP.jpg,wood
KxvQvOf6iIGA1fF.jpg,tire
VTWpnNLTu19iz8U.jpg,wood
l1ng05fbXMDaoFY.jpg,circular fish trap
a5Djw9zTgYo1uJp.jpg,tire
lX9SQvJrI87en6S.jpg,circular fish trap
AA4twCQWRtYhHL2.jpg,fish net
G4yxckfgXrwzfbf.jpg,circular fish trap
2PsOtyYfMmTxyvv.jpg,tire
6WWht12vh3jqZqW.jpg,tire
BVCMIUCzJAGEXl7.jpg,tire
bHDUTS7RPNI5uJO.jpg,wood
hwMKE8oP4ef3N9u.jpg,fish net
4GUiqs2kGz2DH0O.jpg,wood
hwlWpv3xf05VpaK.jpg,wood
BAsmLV7Nm4O1Jvc.jpg,wood
42xOU8J6HLz8WEa.jpg,wood
SAhiJm3azNmF7Zw.jpg,circular fish trap
iX5FfLWdTPdzfWj.jpg,wood
Vquga4HOTdHjdpH.jpg,spring fish trap
VJ5B0CZ935PJcJ6.jpg,circular fish trap
FqIlfEV5zorN1ET.jpg,bundle of ropes
QwEdewOd08EXLrK.jpg,tire
A646WHc3EhTN2I1.jpg,wood
Y4UZW3rUZjx1hEU.jpg,bundle of ropes
j7GyOnhB2wmYMNs.jpg,wood
g9xI2qni36ek71a.jpg,eel fish trap
hWDLsLigvXn5bti.jpg,spring fish trap
bKnW3xJCXxLuuvn.jpg,spring fish trap
837khJNp8mjAnmM.jpg,bundle of ropes
mNJfSYMU2N0ioQq.jpg,wood
Heaooa9RHJyEHyp.jpg,spring fish trap
1ky1jJtqoWefoV6.jpg,wood
X51AVfKXzMaumxe.jpg,fish net
REAHVJqCSDKuzHt.jpg,wood
UJig3JH8Cjb8L1Q.jpg,wood
hq0RLFGqzqmcZkI.jpg,wood
IZdJ1svuXIpkDf4.jpg,tire
Yb5PqMy2i1lGZFL.jpg,wood
czkI9qBsM82NGPp.jpg,rope
hmLM0k8HyuXXaZk.jpg,tire
XYp1l60fKwXOS8m.jpg,fish net
f9Rb259RE7nwwR0.jpg,wood
k0V6AzkhdFCX52E.jpg,fish net
BfVS2pYw8LDqj12.jpg,fish net
ML2nZpMSgQ8KQcX.jpg,circular fish trap
OvzH3yZjEvQeR8B.jpg,tire
heOvxmivdo4kMXA.jpg,circular fish trap
iZ6UGVkUw5c5y4d.jpg,fish net
NaLIxdnZI3xngV6.jpg,wood
QhlXGH6EP4uIAsg.jpg,tire
2EdeE7V020pGggQ.jpg,fish net
2C9xVUyPgFW669V.jpg,circular fish trap
VY6uIoIRCy1tO9v.jpg,circular fish trap
CH7zftsRTTNtl91.jpg,spring fish trap
KPvYX9kk7v98Qyh.jpg,wood
eK10Mrza4Qb0xDx.jpg,tire
W1ynA1m0Dc7EKxc.jpg,tire
jmawdDrHBoLvZP5.jpg,fish net
8AxBWUfq3wLcRP5.jpg,tire
7bDAqMwVmBJB1Oj.jpg,spring fish trap
Rw7DnDDmGaWhch7.jpg,wood
fCFF63lSDmBPHdJ.jpg,spring fish trap
d7GPpTCCRwkXDJm.jpg,wood
VhH2uDRUDGHVwog.jpg,tire
SZTjFlV7zenrwHA.jpg,wood
Z5jEZEVXUa2iqsJ.jpg,fish net
YrMsAKSGOOw2bEJ.jpg,wood
ZquUYQGnwTPUZSk.jpg,tire
Wd9gr7obZGExlRB.jpg,bundle of ropes
C8P2GT6w5Xwvkgd.jpg,spring fish trap
PuNJA0DIwTcwGPh.jpg,circular fish trap
LbimJ0SQGf4UAKS.jpg,spring fish trap
Z68tga6V1nnXpRR.jpg,bundle of ropes
il31nKyhskYwwsp.jpg,spring fish trap
Il7RWk5Fd2r76nf.jpg,tire
DtcmmZZNGlRPDGb.jpg,bundle of ropes
P7YHDgrC5ZadLUf.jpg,tire
ht3XbPqIAp1IxnL.jpg,tire
n8CfNDZUxO5gMPg.jpg,wood
BnkFbKtOYRLqge6.jpg,wood
YqzqCLlaUKMx0aX.jpg,wood
fn1eT2xkgFkAQyf.jpg,eel fish trap
Y3JeKNGotnaBWaR.jpg,tire
ainQYd51l0la58L.jpg,circular fish trap
kdbVNU0w5UpMBaA.jpg,spring fish trap
QIQsrcQmGkNOUNZ.jpg,tire
HC3xhKYoc6JaBzA.jpg,wood
agLMYQQa2pXPTOO.jpg,rope
QqjSkQVpLLCbg1O.jpg,tire
QFYkstmB8AvC1jD.jpg,wood
e6v5TLyrZHzx9G2.jpg,spring fish trap
gu7XSNGQTCdviOA.jpg,tire
nwmS0v54P89SAlr.jpg,spring fish trap
YYPZvcgwL9eE5oR.jpg,tire
HQ7a2jonuyBnyD4.jpg,circular fish trap
83HbRtg1x6YarcG.jpg,tire
OHsCo7Si09Q9KQk.jpg,spring fish trap
hgkmrBLjLZudE6H.jpg,fish net
DTsbNWJZOH1s04k.jpg,tire
ZVKKJdrSbfX7IXA.jpg,spring fish trap
2uCHN6hZMx9CdHz.jpg,wood
bgtMEjL2eATg5SM.jpg,bundle of ropes
QKnsaK5JJCImDn0.jpg,bundle of ropes
IJ8k4SPLnJR38KA.jpg,tire
htmlLpyQXAAP6Rp.jpg,rectangular fish trap
UCH7VeRQgzzVBjk.jpg,wood
Yak2qUFmAvmcjGU.jpg,rope
fEcS26IdtMcydve.jpg,spring fish trap
1I2ACTqvkl5jDph.jpg,rope
GnnZfiHTeG1FuUI.jpg,wood
o8H4UIw2rHztgtA.jpg,tire
UAnKMLKgLPb0vUl.jpg,circular fish trap
eh9wJchT7wXErpb.jpg,bundle of ropes
Ot8ibdjJMqMDvVZ.jpg,circular fish trap
LmPpVCksPCGVUsx.jpg,circular fish trap
K5Gep5LsrYiQBjq.jpg,circular fish trap
ekyuhli9Tnq8j0V.jpg,tire
YGOB6MIP4HcQLtR.jpg,tire
ku0GR5mUiBaDpF6.jpg,wood
R2y0Guvyy5QqQ3K.jpg,tire
WmUNqvoDbRgfECx.jpg,eel fish trap
lwl5hitod98ICkN.jpg,spring fish trap
PpZz5NJradEHxvT.jpg,tire
lJZc0L99tYwG9tQ.jpg,tire
dm1tkr02zpe4G7R.jpg,tire
n479Zc9HvsnCmDh.jpg,wood
50wRlyNuGp5o59V.jpg,circular fish trap
KvkGtDcD2QgCwl6.jpg,circular fish trap
fSC24E7Y49ruAGH.jpg,tire
EHlzgepc8hi9eCs.jpg,tire
1GICoyxi2t1NqzN.jpg,wood
OKyI44l37a4WezT.jpg,wood
JYCgvYFFpwCQP5B.jpg,wood
WOr0DczF6hqokvg.jpg,wood
CgkvuXHACQC6uhP.jpg,bundle of ropes
bilsBPRYSdM51MW.jpg,bundle of ropes
Xu05oJGBHz4E1CS.jpg,tire
EOGiSQ7m7Jtkkzg.jpg,bundle of ropes
1jYGn7DkfMAFGAB.jpg,circular fish trap
7sgPGSTYtqVD3Sg.jpg,wood
UYH6oF4gluvuOQs.jpg,wood
PPAnITLeTkWjkM9.jpg,wood
SarSiq9VZge8qeO.jpg,fish net
D3Oy3K12l0VmUY2.jpg,wood
eztDqtzzGRLOpeS.jpg,spring fish trap
CzzwzjTiJkU5d64.jpg,spring fish trap
Ek12cY4tgsp4Qc2.jpg,wood
iEuiprbDEfIyk3g.jpg,tire
SeReicm6dMG6ZtS.jpg,spring fish trap
fhIDysJt43q9RL9.jpg,circular fish trap
3uMModke8g1J3ab.jpg,fish net
